Benthal.html,#anchor_10
Randle_Houran_Graphics.html,#anchor_10
Shag_Harbour/Shag_Harbour_articles.html,#anchor_10
Shag_Harbour/Shag_Harbour_articles.html,#anchor_10
Shag_Harbour/Shag_Harbour_articles.html,#anchor_10
Sprouse.html,#anchor_10
Balloon_UFO_Sightings.html,#anchor_1002
Balloon_UFO_Sightings.html,#anchor_1002
Skeptical_Inquirer_response.html,#anchor_1004
Methods.html,#anchor_1005
Methods.html,#anchor_1006
Methods.html,#anchor_1006
UFO_CalNev_1950.html,#anchor_1006
Methods.html,#anchor_1007
Methods.html,#anchor_1007
Methods.html,#anchor_1008
Methods.html,#anchor_1008
UFO_CalNev_1950.html,#anchor_1008
UFO_CalNev_1950.html,#anchor_1008
UFO_CalNev_1950.html,#anchor_1009
Methods.html,#anchor_1010
Methods.html,#anchor_1010
Methods.html,#anchor_1010
Methods.html,#anchor_1010
Methods.html,#anchor_1011
Methods.html,#anchor_1011
UFO_CalNev_1950.html,#anchor_1011
Methods.html,#anchor_1012
Methods.html,#anchor_1012
UFO_CalNev_1950.html,#anchor_1012
UFO_CalNev_1950.html,#anchor_1012
UFO_CalNev_1950.html,#anchor_1012
UFO_CalNev_1950.html,#anchor_1012
UFO_CalNev_1950.html,#anchor_1012
Methods.html,#anchor_1013
Methods.html,#anchor_1013
Methods.html,#anchor_1014
Methods.html,#anchor_1014
Methods.html,#anchor_1015
Methods.html,#anchor_1015
Word_completion.html,#anchor_1018
Word_completion.html,#anchor_1019
Word_completion.html,#anchor_1030
Word_completion.html,#anchor_1030
Shag_Harbour/Shag_Harbour_articles.html,#anchor_11
Shag_Harbour/Shag_Harbour_articles.html,#anchor_11
Shag_Harbour/Shag_Harbour_articles.html,#anchor_11
ShootDown_LATimes_80152.html,#anchor_11
ShootDown_LATimes_80152.html,#anchor_11
ShootDown_LATimes_80152.html,#anchor_11
Sprouse.html,#anchor_11
UFO_Tucson_1950_newspapers.html,#anchor_11
ETH-in-1947-2.html,#anchor_113
NM_UFO_Reports.html,#anchor_12
Shag_Harbour/Shag_Harbour_articles.html,#anchor_12
Shag_Harbour/Shag_Harbour_articles.html,#anchor_12
Shag_Harbour/Shag_Harbour_articles.html,#anchor_12
UFO_CalNev_1950.html,#anchor_12
UFO_Tucson_1950_newspapers.html,#anchor_12
Keckburg_triangulation_error.html,#anchor_13
Kecksburg_triangulation_error.html,#anchor_13
Lovekin.html,#anchor_13
Randle_Houran_Graphics.html,#anchor_13
Randle_Houran_Graphics.html,#anchor_13
Shag_Harbour/Shag_Harbour_articles.html,#anchor_13
Shag_Harbour/Shag_Harbour_articles.html,#anchor_13
Shag_Harbour/Shag_Harbour_articles.html,#anchor_13
Shag_Harbour/Shag_Harbour4_Searches.html,#anchor_13
Shag_Harbour/Shag_Harbour5_Coverup_Documents.html,#anchor_13
dubose.html,#anchor_14
dubose.html,#anchor_14
Lovekin.html,#anchor_14
Shag_Harbour/Shag_Harbour4_Searches.html,#anchor_14
Shag_Harbour/Shag_Harbour5_Coverup_Documents.html,#anchor_14
Lovekin.html,#anchor_15
Shag_Harbour/Shag_Harbour_articles.html,#anchor_15
Shag_Harbour/Shag_Harbour_articles.html,#anchor_15
Shag_Harbour/Shag_Harbour_articles.html,#anchor_15
Shag_Harbour/Shag_Harbour4_Searches.html,#anchor_15
Shag_Harbour/Shag_Harbour5_Coverup_Documents.html,#anchor_15
UFO_CalNev_1950_newspapers.html,#anchor_15
dennis.html,#anchor_16
Lovekin.html,#anchor_16
Shag_Harbour/Shag_Harbour_articles.html,#anchor_16
Shag_Harbour/Shag_Harbour_articles.html,#anchor_16
Shag_Harbour/Shag_Harbour_articles.html,#anchor_16
Shag_Harbour/Shag_Harbour_Documents.html,#anchor_16
Shag_Harbour/Shag_Harbour6_Second_UFO.html,#anchor_16
LIFE_1952.html,#anchor_17
Lovekin.html,#anchor_17
Nellis_S13_transcripts.html,#anchor_17
Shag_Harbour/Shag_Harbour_articles.html,#anchor_17
Shag_Harbour/Shag_Harbour_articles.html,#anchor_17
Shag_Harbour/Shag_Harbour_articles.html,#anchor_17
Shag_Harbour/Shag_Harbour_Documents.html,#anchor_17
Shag_Harbour/Shag_Harbour6_Second_UFO.html,#anchor_17
UFO_Tucson_1950_newspapers.html,#anchor_17
dubose.html,#anchor_18
dubose.html,#anchor_18
LIFE_1952.html,#anchor_18
Lovekin.html,#anchor_18
Rameys_balloon.html,#anchor_18
Lovekin.html,#anchor_19
Nellis_S30_transcripts.html,#anchor_19
B29_Flight_July9.html,#anchor_20
Lovekin.html,#anchor_20
Nellis_discussion2.html,#anchor_20
B29_Flight_July9.html,#anchor_21
B29_Flight_July9.html,#anchor_21
dubose.html,#anchor_21
Kecksburg_triangulation_error.html,#anchor_21
Lovekin.html,#anchor_21
dubose.html,#anchor_22
Lovekin.html,#anchor_22
Shag_Harbour/Shag_Harbour_articles.html,#anchor_22
Shag_Harbour/Shag_Harbour_Documents.html,#anchor_22
UFO_CalNev_1950.html,#anchor_22
UFO_CalNev_1950.html,#anchor_22
dennis.html,#anchor_23
Other_Research.html,#anchor_23
Rameys_balloon.html,#anchor_23
Shag_Harbour/Shag_Harbour_Documents.html,#anchor_23
Shag_Harbour/Shag_Harbour_Documents.html,#anchor_23
Shag_Harbour/Shag_Harbour_Documents.html,#anchor_23
vandenberg.html,#anchor_23
vandenberg.html,#anchor_23
debris2_memory_foil.html,#anchor_24
dubose.html,#anchor_24
vandenberg.html,#anchor_24
vandenberg.html,#anchor_24
debris2_memory_foil.html,#anchor_25
debris2_memory_foil.html,#anchor_25
Nellis_discussion2.html,#anchor_25
Nellis_discussion2.html,#anchor_25
debris2_memory_foil.html,#anchor_26
Kecksburg_triangulation_error.html,#anchor_26
Nellis_discussion2.html,#anchor_26
Nellis_discussion2.html,#anchor_26
Nellis_discussion2.html,#anchor_26
Nellis_discussion2.html,#anchor_26
Nellis_discussion2.html,#anchor_26
Nellis_discussion2.html,#anchor_26
Ramey_and_UFOs.html,#anchor_26
Shag_Harbour/Shag_Harbour_Documents.html,#anchor_26
UFO_CalNev_1950.html,#anchor_26
UFO_CalNev_1950.html,#anchor_26
Ramey_and_UFOs.html,#anchor_27
Ramey_and_UFOs.html,#anchor_27
Rameys_hexagon_story.html,#anchor_27
Shag_Harbour/Shag_Harbour_Documents.html,#anchor_27
Kecksburg_Printy_rebuttal.html,#anchor_28
Nellis_discussion2.html,#anchor_28
Nellis_discussion2.html,#anchor_28
Post-1947-Roswell-references.html,#anchor_28
Ramey_and_UFOs.html,#anchor_28
vandenberg.html,#anchor_28
vandenberg.html,#anchor_28
Nellis_discussion2.html,#anchor_29
Nellis_discussion2.html,#anchor_29
Nellis_discussion2.html,#anchor_29
Post-1947-Roswell-references.html,#anchor_29
Post-1947-Roswell-references.html,#anchor_29
Ramey_and_UFOs.html,#anchor_29
Ramey_and_UFOs.html,#anchor_29
vandenberg.html,#anchor_29
Ramey_July6_1947.html,#anchor_3
Kecksburg_Printy_rebuttal.html,#anchor_30
Nellis_discussion.html,#anchor_30
Nellis_discussion2.html,#anchor_30
Ramey_and_UFOs.html,#anchor_30
vandenberg.html,#anchor_30
vandenberg.html,#anchor_30
vandenberg.html,#anchor_30
Kecksburg_Printy_rebuttal.html,#anchor_31
Post-1947-Roswell-references.html,#anchor_31
Ramey_and_UFOs.html,#anchor_31
Shag_Harbour/Shag_Harbour_Documents.html,#anchor_31
Kecksburg_Printy_rebuttal.html,#anchor_32
Ramey_and_UFOs.html,#anchor_32
Ramey_and_UFOs.html,#anchor_32
dubose.html,#anchor_3254
dubose.html,#anchor_3254
dubose.html,#anchor_3254
cordon.html,#anchor_3262
FBI_telegram.html,#anchor_3263
FBI_Telegram.html,#anchor_3263
FBI_telegram.html,#anchor_3264
FBI_Telegram.html,#anchor_3264
Brazel_Interview.html,#anchor_3330
Brazel_Interview.html,#anchor_3331
balloon_use.html,#anchor_3351
Methods.html,#anchor_3354
Methods.html,#anchor_3355
Henderson.html,#anchor_3356
henderson.html,#anchor_3356
Henderson.html,#anchor_3357
henderson.html,#anchor_3357
Henderson.html,#anchor_3358
henderson.html,#anchor_3358
Ramey_info.html,#anchor_3358
Ramey_info.html,#anchor_3359
dennis.html,#anchor_3374
dennis.html,#anchor_3375
Kellahin.html,#anchor_3377
Brazel_Interview.html,#anchor_3387
Shag_Harbour/Shag_Harbour_Documents.html,#anchor_34
RoswellSummary.html,#anchor_3421
NM_UFO_Reports.html,#anchor_3439
NM_UFO_Reports.html,#anchor_3439
Texas_UFO_Reports.html,#anchor_3439
NM_UFO_Reports.html,#anchor_3440
NM_UFO_Reports.html,#anchor_3442
NM_UFO_Reports.html,#anchor_3442
NM_UFO_Reports.html,#anchor_3442
Texas_UFO_Reports.html,#anchor_3442
Texas_UFO_Reports.html,#anchor_3442
dennis.html,#anchor_3444
LIFE_1952.html,#anchor_3455
LIFE_1952.html,#anchor_3456
LIFE_1952.html,#anchor_3457
LIFE_1952.html,#anchor_3458
LIFE_1952.html,#anchor_3459
LIFE_1952.html,#anchor_3460
LIFE_1952.html,#anchor_3461
LIFE_1952.html,#anchor_3462
AP_Miami_Herald_July9.html,#anchor_3506
LA_HeraldExpress_July8.html,#anchor_3506
Marcel_evaluations.html,#anchor_3507
Marcel_evaluations.html,#anchor_3507
Marcel_evaluations.html,#anchor_3508
Marcel_evaluations.html,#anchor_3509
Eval_Blanchard0548.html,#anchor_3511
Eval_Blanchard0848.html,#anchor_3511
Eval_McDuffee0649.html,#anchor_3511
Eval_McDuffee0750.html,#anchor_3511
Eval_Blanchard0548.html,#anchor_3515
Eval_Blanchard0848.html,#anchor_3515
Eval_McDuffee0649.html,#anchor_3515
Eval_McDuffee0750.html,#anchor_3515
Eval_Blanchard0548.html,#anchor_3516
Eval_Blanchard0848.html,#anchor_3516
Eval_McDuffee0649.html,#anchor_3516
Eval_McDuffee0750.html,#anchor_3516
LA_HeraldExpress_July8.html,#anchor_3534
United_Press_Telexes.html,#anchor_3534
Press_Coverage.html,#anchor_3567
Press_Coverage.html,#anchor_3568
Flight4_Trajectory.html,#anchor_3584
Flight4_Trajectory.html,#anchor_3586
Flight4_Trajectory.html,#anchor_3588
Flight4_Trajectory.html,#anchor_3590
Flight4_Trajectory.html,#anchor_3592
Flight4_Trajectory.html,#anchor_3594
Flight4_Trajectory.html,#anchor_3596
Flight4_Trajectory.html,#anchor_3596
Flight4_Trajectory.html,#anchor_3598
debris2_memory_foil.html,#anchor_36
Nellis_discussion2.html,#anchor_36
Flight4_Addendums.html,#anchor_3600
RMD_Wilcox_July9.html,#anchor_3601
RMD_Wilcox_July9.html,#anchor_3601
RMD_Wilcox_July9.html,#anchor_3601
debris1_beams.html,#anchor_3605
debris1_beams.html,#anchor_3605
debris2_memory_foil.html,#anchor_3605
debris2_memory_foil.html,#anchor_3605
debris3_misc_metal.html,#anchor_3605
debris3_misc_metal.html,#anchor_3605
debris7_quantity.html,#anchor_3605
debris7_quantity.html,#anchor_3605
Donations.html,#anchor_3605
debris2_memory_foil.html,#anchor_3607
debris2_memory_foil.html,#anchor_3607
debris7_quantity.html,#anchor_3607
debris1_beams.html,#anchor_3608
debris2_memory_foil.html,#anchor_3608
debris2_memory_foil.html,#anchor_3608
debris3_misc_metal.html,#anchor_3608
debris4_tape.html,#anchor_3608
debris4_tape.html,#anchor_3608
debris5_parchment.html,#anchor_3608
debris7_quantity.html,#anchor_3608
debris7_quantity.html,#anchor_3608
debris2_memory_foil.html,#anchor_3609
debris4_tape.html,#anchor_3609
debris5_parchment.html,#anchor_3609
debris7_quantity.html,#anchor_3609
debris1_beams.html,#anchor_3611
debris2_memory_foil.html,#anchor_3611
debris2_memory_foil.html,#anchor_3611
debris3_misc_metal.html,#anchor_3611
debris7_quantity.html,#anchor_3611
debris1_beams.html,#anchor_3613
debris1_beams.html,#anchor_3613
debris2_memory_foil.html,#anchor_3613
debris2_memory_foil.html,#anchor_3613
debris2_memory_foil.html,#anchor_3613
debris2_memory_foil.html,#anchor_3613
debris2_memory_foil.html,#anchor_3613
debris2_memory_foil.html,#anchor_3613
debris2_memory_foil.html,#anchor_3613
debris2_memory_foil.html,#anchor_3613
debris2_memory_foil.html,#anchor_3613
debris3_misc_metal.html,#anchor_3613
debris7_quantity.html,#anchor_3613
debris7_quantity.html,#anchor_3613
debris2_memory_foil.html,#anchor_3616
debris7_quantity.html,#anchor_3616
debris2_memory_foil.html,#anchor_3618
debris2_memory_foil.html,#anchor_3618
debris7_quantity.html,#anchor_3618
debris1_beams.html,#anchor_3620
debris1_beams.html,#anchor_3620
debris2_memory_foil.html,#anchor_3620
debris2_memory_foil.html,#anchor_3620
debris3_misc_metal.html,#anchor_3620
debris7_quantity.html,#anchor_3620
debris2_memory_foil.html,#anchor_3622
debris7_quantity.html,#anchor_3622
debris2_memory_foil.html,#anchor_3624
debris2_memory_foil.html,#anchor_3624
debris7_quantity.html,#anchor_3624
Ramey_and_UFOs.html,#anchor_3625
Ramey_and_UFOs.html,#anchor_3625
debris2_memory_foil.html,#anchor_3626
debris7_quantity.html,#anchor_3626
debris1_beams.html,#anchor_3628
debris2_memory_foil.html,#anchor_3628
debris3_misc_metal.html,#anchor_3628
debris3_misc_metal.html,#anchor_3628
debris7_quantity.html,#anchor_3628
Ramey_and_UFOs.html,#anchor_3629
debris1_beams.html,#anchor_3630
debris2_memory_foil.html,#anchor_3630
debris3_misc_metal.html,#anchor_3630
debris7_quantity.html,#anchor_3630
Ramey_1952.html,#anchor_3630
Ramey_and_UFOs.html,#anchor_3631
Ramey_and_Kalberer.html,#anchor_3632
Ramey_and_UFOs.html,#anchor_3632
Ramey_and_UFOs.html,#anchor_3632
Ramey_and_UFOs.html,#anchor_3633
Ramey_and_Kalberer.html,#anchor_3634
Ramey_and_UFOs.html,#anchor_3634
Ramey_and_Kalberer.html,#anchor_3635
debris1_beams.html,#anchor_3637
debris1_beams.html,#anchor_3637
debris2_memory_foil.html,#anchor_3637
debris2_memory_foil.html,#anchor_3637
debris7_quantity.html,#anchor_3637
Ramey_and_Kalberer.html,#anchor_3637
debris1_beams.html,#anchor_3639
debris2_memory_foil.html,#anchor_3639
debris4_tape.html,#anchor_3639
debris4_tape.html,#anchor_3639
debris5_parchment.html,#anchor_3639
debris7_quantity.html,#anchor_3639
debris2_memory_foil.html,#anchor_3641
debris7_quantity.html,#anchor_3641
Flight4_Trajectory.html,#anchor_3641
debris1_beams.html,#anchor_3643
debris1_beams.html,#anchor_3643
debris2_memory_foil.html,#anchor_3643
debris3_misc_metal.html,#anchor_3643
debris7_quantity.html,#anchor_3643
debris7_quantity.html,#anchor_3643
Ramey_and_UFOs.html,#anchor_3643
debris1_beams.html,#anchor_3645
debris2_memory_foil.html,#anchor_3645
debris3_misc_metal.html,#anchor_3645
debris4_tape.html,#anchor_3645
debris5_parchment.html,#anchor_3645
debris7_quantity.html,#anchor_3645
Ramey_and_UFOs.html,#anchor_3645
Ramey_and_UFOs.html,#anchor_3646
debris1_beams.html,#anchor_3647
debris3_misc_metal.html,#anchor_3647
debris7_quantity.html,#anchor_3647
Ramey_and_UFOs.html,#anchor_3648
debris7_quantity.html,#anchor_3649
Ramey_and_UFOs.html,#anchor_3649
Ramey_and_UFOs.html,#anchor_3651
debris1_beams.html,#anchor_3652
debris3_misc_metal.html,#anchor_3652
balloon_use.html,#anchor_3653
Ramey_and_UFOs.html,#anchor_3653
Ramey_and_UFOs.html,#anchor_3653
Flight4_Trajectory.html,#anchor_3660
Flight4_Trajectory.html,#anchor_3660
Flight4_Trajectory.html,#anchor_3660
debris3_misc_metal.html,#anchor_3661
Flight4_Addendums.html,#anchor_3666
Flight4_Addendums.html,#anchor_3669
Flight4_Addendums.html,#anchor_3676
19th_Century_Virginia_alien.html,#anchor_3680
debris2_memory_foil.html,#anchor_3682
debris2_memory_foil.html,#anchor_3682
19th_Century_Virginia_alien.html,#anchor_3684
debris2_memory_foil.html,#anchor_3686
debris2_memory_foil.html,#anchor_3686
debris4_tape.html,#anchor_3686
debris5_parchment.html,#anchor_3686
debris2_memory_foil.html,#anchor_3690
debris2_memory_foil.html,#anchor_3690
debris4_tape.html,#anchor_3690
debris4_tape.html,#anchor_3690
debris5_parchment.html,#anchor_3690
debris5_parchment.html,#anchor_3690
debris1_beams.html,#anchor_3692
debris1_beams.html,#anchor_3692
debris1_beams.html,#anchor_3692
debris1_beams.html,#anchor_3692
debris1_beams.html,#anchor_3692
debris1_beams.html,#anchor_3692
debris2_memory_foil.html,#anchor_3692
debris8_misc.html,#anchor_3695
debris4_tape.html,#anchor_3697
debris5_parchment.html,#anchor_3697
debris8_misc.html,#anchor_3697
debris4_tape.html,#anchor_3699
debris5_parchment.html,#anchor_3699
debris5_parchment.html,#anchor_3699
debris8_misc.html,#anchor_3699
debris8_misc.html,#anchor_3699
debris2_memory_foil.html,#anchor_37
debris8_misc.html,#anchor_3701
debris8_misc.html,#anchor_3703
debris8_misc.html,#anchor_3705
debris8_misc.html,#anchor_3707
debris8_misc.html,#anchor_3709
debris5_parchment.html,#anchor_3716
debris5_parchment.html,#anchor_3718
debris4_tape.html,#anchor_3724
debris9_nanotech.html,#anchor_3731
debris9_nanotech.html,#anchor_3733
Texas_UFO_Reports.html,#anchor_3733
Texas_UFO_Reports.html,#anchor_3733
Texas_UFO_Reports.html,#anchor_3733
Texas_UFO_Reports.html,#anchor_3734
Texas_UFO_Reports.html,#anchor_3736
Texas_UFO_Reports.html,#anchor_3738
debris1_beams.html,#anchor_3739
debris1_beams.html,#anchor_3740
Texas_UFO_Reports.html,#anchor_3740
Texas_UFO_Reports.html,#anchor_3741
debris3_misc_metal.html,#anchor_3742
Texas_UFO_Reports.html,#anchor_3743
NM_UFO_Reports.html,#anchor_3744
NM_UFO_Reports.html,#anchor_3746
NM_UFO_Reports.html,#anchor_3746
NM_UFO_Reports.html,#anchor_3746
NM_UFO_Reports.html,#anchor_3748
NM_UFO_Reports.html,#anchor_3750
NM_UFO_Reports.html,#anchor_3752
NM_UFO_Reports.html,#anchor_3754
NM_UFO_Reports.html,#anchor_3755
NM_UFO_Reports.html,#anchor_3757
NM_UFO_Reports.html,#anchor_3759
NM_UFO_Reports.html,#anchor_3761
NM_UFO_Reports.html,#anchor_3763
NM_UFO_Reports.html,#anchor_3766
NM_UFO_Reports.html,#anchor_3766
NM_UFO_Reports.html,#anchor_3770
Marcel_evaluations.html,#anchor_3772
Marcel_evaluations.html,#anchor_3772
Marcel_evaluations.html,#anchor_3772
Marcel_evaluations.html,#anchor_3772
debris9_nanotech.html,#anchor_3779
Post-1947-Roswell-references.html,#anchor_39
RAWIN_construction.html,#anchor_39
Fortean_Times.html,#anchor_4
Shag_Harbour/Shag_Harbour_articles.html,#anchor_4
Shag_Harbour/Shag_Harbour_articles.html,#anchor_4
Shag_Harbour/Shag_Harbour_articles.html,#anchor_4
ETH-in-1947.html,#anchor_40
Post-1947-Roswell-references.html,#anchor_40
Post-1947-Roswell-references.html,#anchor_40
Post-1947-Roswell-references.html,#anchor_40
Post-1947-Roswell-references.html,#anchor_41
Post-1947-Roswell-references.html,#anchor_41
Post-1947-Roswell-references.html,#anchor_41
Post-1947-Roswell-references.html,#anchor_41
Post-1947-Roswell-references.html,#anchor_41
Post-1947-Roswell-references.html,#anchor_41
Post-1947-Roswell-references.html,#anchor_41
Flight4_Trajectory.html,#anchor_43
Kecksburg_triangulation_error.html,#anchor_43
Kecksburg_triangulation_error.html,#anchor_43
Post-1947-Roswell-references.html,#anchor_44
Post-1947-Roswell-references.html,#anchor_44
Post-1947-Roswell-references.html,#anchor_44
Post-1947-Roswell-references.html,#anchor_47
Post-1947-Roswell-references.html,#anchor_47
Post-1947-Roswell-references.html,#anchor_47
Post-1947-Roswell-references.html,#anchor_47
Post-1947-Roswell-references.html,#anchor_48
Post-1947-Roswell-references.html,#anchor_48
Barton.html,#anchor_5
Dyvad1951.html,#anchor_5
Haut_2000_interview.html,#anchor_5
Shag_Harbour/Shag_Harbour_articles.html,#anchor_5
Shag_Harbour/Shag_Harbour_articles.html,#anchor_5
Shag_Harbour/Shag_Harbour_articles.html,#anchor_5
vandenberg.html,#anchor_50
Post-1947-Roswell-references.html,#anchor_51
Post-1947-Roswell-references.html,#anchor_51
Post-1947-Roswell-references.html,#anchor_51
Post-1947-Roswell-references.html,#anchor_51
vandenberg.html,#anchor_51
ETH-in-1947.html,#anchor_52
ETH-in-1947.html,#anchor_52
ETH-in-1947.html,#anchor_52
ETH-in-1947.html,#anchor_52
Post-1947-Roswell-references.html,#anchor_52
Post-1947-Roswell-references.html,#anchor_52
Post-1947-Roswell-references.html,#anchor_52
Post-1947-Roswell-references.html,#anchor_52
vandenberg.html,#anchor_52
vandenberg.html,#anchor_53
balloondemos.html,#anchor_54
balloondemos.html,#anchor_54
vandenberg.html,#anchor_54
balloondemos.html,#anchor_55
vandenberg.html,#anchor_55
Post-1947-Roswell-references.html,#anchor_56
Post-1947-Roswell-references.html,#anchor_57
Post-1947-Roswell-references.html,#anchor_57
vandenberg.html,#anchor_57
vandenberg.html,#anchor_58
1948-USAF-ET-doc.html,#anchor_6
1948-USAF-ET-doc.html,#anchor_6
1948-USAF-ET-doc.html,#anchor_6
Nellis_S13_UFO_Graphs.html,#anchor_6
Ramey_1952.html,#anchor_6
Socorro/SocorroWinds_April_24_1964.html,#anchor_6
UFO_CalNev_1950_newspapers.html,#anchor_6
balloondemos.html,#anchor_60
debris1_beams.html,#anchor_7
Mogul_Crashes.html,#anchor_7
Nellis_S13_UFO_Graphs.html,#anchor_7
NM_UFO_Reports.html,#anchor_7
NM_UFO_Reports.html,#anchor_7
NM_UFO_Reports.html,#anchor_7
NM_UFO_Reports.html,#anchor_7
NM_UFO_Reports.html,#anchor_7
NM_UFO_Reports.html,#anchor_7
NM_UFO_Reports.html,#anchor_7
NM_UFO_Reports.html,#anchor_7
NM_UFO_Reports.html,#anchor_7
NM_UFO_Reports.html,#anchor_7
NM_UFO_Reports.html,#anchor_7
NM_UFO_Reports.html,#anchor_7
NM_UFO_Reports.html,#anchor_7
NM_UFO_Reports.html,#anchor_7
NM_UFO_Reports.html,#anchor_7
NM_UFO_Reports.html,#anchor_7
NM_UFO_Reports.html,#anchor_7
ShootDown_INS_72952.html,#anchor_7
ShootDown_INS_72952.html,#anchor_7
Socorro/SocorroWinds_April_24_1964.html,#anchor_7
Post-1947-Roswell-references.html,#anchor_71
debris7_quantity.html,#anchor_8
FBI_telegram.html,#anchor_8
FBI_Telegram.html,#anchor_8
Haut.html,#anchor_8
Mogul_Crashes.html,#anchor_8
NM_UFO_Reports.html,#anchor_8
Word_Search.html,#anchor_8
Flying-Saucers-NOT-spaceships.html,#anchor_9
Haut.html,#anchor_9
Ramey_July6_1947.html,#anchor_9
Ramey_July6_1947.html,#anchor_9
Shag_Harbour/Shag_Harbour_articles.html,#anchor_9
Shag_Harbour/Shag_Harbour_articles.html,#anchor_9
Shag_Harbour/Shag_Harbour_articles.html,#anchor_9
Shag_Harbour/Shag_Harbour1_summary.html,#anchor_9
ShootDown_INS_72952.html,#anchor_9
Post-1947-Roswell-references.html,#anchor_92
balloondemos.html,#top
dennis.html,#top
ETH-in-1947-2.html,#top
ETH-in-1947.html,#top
Kecksburg_triangulation_error.html,#top
Kecksburg_triangulation_error.html,#top
Post-1947-Roswell-references.html,#top
Post-1947-Roswell-references.html,#top
Socorro/Socorro_Grinder_interview.html,#top
