ID,page type,content type,source type,commentary,last modified,notes
Alamogordo_July9a.html,agg,mix,news,FALSE,2010-12-31T21:28:49+00:00,
Atlanta_July9a.html,agg,mix,news,FALSE,2009-06-27T00:27:16+00:00,
B29_Flight_July9.html,agg,mix,pub,TRUE,2017-06-18T17:33:21+00:00,
balloon_crashes.html,agg,mix,orig,FALSE,2017-06-18T17:32:44+00:00,
Balloon_UFO_Sightings.html,agg,txt,news,FALSE,2010-12-25T19:31:36+00:00,
balloon_use.html,agg,mix,news,FALSE,2017-06-18T17:33:02+00:00,
balloondemos.html,agg,mix,orig,FALSE,2017-06-18T17:32:43+00:00,
beams_symbols_compare.html,agg,img,pub,FALSE,2011-01-24T07:54:55+00:00,
Benthal.html,agg,txt,pub,TRUE,2017-06-18T17:32:46+00:00,"Crash at Corona, Witness to Roswell"
Brazel_Interview.html,agg,txt,news,FALSE,2012-01-03T18:46:37+00:00,
Bush_Article.html,agg,txt,news,TRUE,2011-01-24T07:55:07+00:00,
cordon.html,agg,mix,pub,TRUE,2017-06-18T17:33:25+00:00,
debris_main.html,agg,txt,multi,FALSE,2017-06-18T17:32:48+00:00,
debris1_beams.html,agg,txt,multi,FALSE,2017-06-18T17:33:09+00:00,
debris2_memory_foil.html,agg,txt,multi,FALSE,2017-06-18T17:33:03+00:00,
debris3_misc_metal.html,agg,txt,multi,FALSE,2017-06-18T17:33:03+00:00,quotes
debris4_tape.html,agg,txt,multi,FALSE,2017-06-18T17:32:56+00:00,quotes
debris5_parchment.html,agg,txt,multi,FALSE,2017-06-18T17:32:53+00:00,
debris6_fibers.html,agg,txt,multi,FALSE,2017-06-18T17:33:09+00:00,consider whether sub and agg adress the same thign
debris7_quantity.html,agg,txt,multi,FALSE,2017-06-18T17:33:12+00:00,
debris8_misc.html,agg,txt,multi,FALSE,2017-06-18T17:32:54+00:00,
debris9_nanotech.html,agg,mix,pub,FALSE,2017-06-18T17:33:32+00:00,
dennis.html,agg,mix,pub,TRUE,2017-06-18T17:32:42+00:00,affidavit
dubose.html,agg,mix,pub,TRUE,2017-06-18T17:32:40+00:00,affidavit
ETH-in-1947.html,agg,mix,pub,FALSE,2014-08-29T18:34:23+00:00,
ETH-in-1947-2.html,agg,mix,pub,FALSE,2014-04-11T00:31:41+00:00,
Exon.html,agg,txt,pub,FALSE,2017-06-18T17:32:59+00:00,
Flying-Saucers-NOT-spaceships.html,agg,img,news,FALSE,2013-01-28T20:58:17+00:00,
Haut.html,agg,mix,pub,TRUE,2017-06-18T17:33:06+00:00,affidavit
henderson.html,agg,mix,pub,FALSE,2017-06-18T17:33:03+00:00,
Lovekin.html,agg,mix,pub,TRUE,2017-06-18T17:32:40+00:00,affidavit
Marcel_evaluations.html,agg,mix,orig,FALSE,2011-01-24T08:00:30+00:00,links to docs
Nellis_compare.html,agg,img,pub,FALSE,2011-01-24T08:00:56+00:00,
NM_UFO_Reports.html,agg,txt,news,TRUE,2014-04-12T03:45:23+00:00,
otherballoon.html,agg,mix,orig,FALSE,2017-06-18T17:32:41+00:00,
Post-1947-Roswell-references.html,agg,mix,news,FALSE,2016-04-09T20:51:54+00:00,
Ramey_1952.html,agg,txt,news,TRUE,2011-01-24T08:04:22+00:00,
Ramey_and_Kalberer.html,agg,txt,news,TRUE,2014-05-07T00:28:16+00:00,
Ramey_info.html,agg,mix,orig,FALSE,2017-06-18T17:33:25+00:00,
Ramey_July6_1947.html,agg,img,news,TRUE,2013-07-26T00:23:25+00:00,
Ramey_photos.html,agg,mix,multi,FALSE,2011-01-24T08:04:48+00:00,
Reconstruct.html,agg,img,orig,TRUE,2017-06-18T17:32:42+00:00,commentary on various image analyses
Rhodes_Phoenix.html,agg,img,multi,FALSE,2011-01-24T08:05:38+00:00,
RoswellSummary.html,agg,mix,orig,FALSE,2010-07-15T04:32:11+00:00,
Shag_Harbour/Shag_Harbour_articles.html,agg,mix,news,FALSE,2017-06-18T17:33:00+00:00,
Shag_Harbour/Shag_Harbour_Documents.html,agg,mix,govt,FALSE,2017-06-18T17:32:46+00:00,
Shag_Harbour/Shag_Harbour2_UFO_sightings.html,agg,mix,pub,FALSE,2017-06-18T17:33:05+00:00,with original maps
ShootDown_INS_72952.html,agg,img,news,TRUE,2017-06-18T17:33:40+00:00,agg?
Sprouse.html,agg,mix,news,FALSE,2017-06-18T17:32:46+00:00,
Texas_UFO_Reports.html,agg,txt,news,TRUE,2013-09-25T01:43:11+00:00,
UFO_CalNev_1950.html,agg,mix,orig,FALSE,2017-06-18T17:33:12+00:00,
UFO_CalNev_1950_newspapers.html,agg,txt,news,FALSE,2017-06-18T17:33:26+00:00,
UFO_Tucson_1950_newspapers.html,agg,img,news,FALSE,2009-04-01T05:19:40+00:00,
UnknownSite.html,agg,img,unknown,FALSE,2002-02-24T22:30:28+00:00,unknown source
vandenberg.html,agg,mix,orig,FALSE,2017-06-18T17:32:39+00:00,
White_Plains_NY.html,agg,mix,news,FALSE,2005-10-02T05:40:01+00:00,
~site/scripts_webpoll/webpoll.dll?CMD=CMDViewSponsoredResults&ht=Critical_Phrases.xpf&s=scifi&tp=http://track.homestead.com/~site/Scripts_Track/track.dll&ID=13192944,doc,mix,contrib,FALSE,2017-06-18T17:33:13+00:00,embedded poll
~site/scripts_webpoll/webpoll.dll?CMD=CMDViewSponsoredResults&ht=Critical_Phrases.xpf&s=scifi&tp=http://track.homestead.com/~site/Scripts_Track/track.dll&ID=13192945,doc,mix,contrib,FALSE,2017-06-18T17:33:33+00:00,embedded web poll
~site/scripts_webpoll/webpoll.dll?CMD=CMDViewSponsoredResults&ht=Critical_Phrases.xpf&s=scifi&tp=http://track.homestead.com/~site/Scripts_Track/track.dll&ID=13192946,doc,mix,contrib,FALSE,2017-06-18T17:33:27+00:00,web poll
~site/scripts_webpoll/webpoll.dll?CMD=CMDViewSponsoredResults&ht=Critical_Phrases.xpf&s=scifi&tp=http://track.homestead.com/~site/Scripts_Track/track.dll&ID=13192947,doc,mix,contrib,FALSE,2017-06-18T17:33:18+00:00,embedded poll
1948-USAF-ET-doc.html,doc,txt,govt,FALSE,2010-04-30T18:40:25+00:00,
19th_Century_Virginia_alien.html,doc,mix,orig,FALSE,2011-01-24T07:53:57+00:00,
ABC_News_July8.html,doc,mix,news,TRUE,2011-01-24T07:54:00+00:00,audio (broken?) and transcript
Address_header.html,doc,img,orig,FALSE,2011-01-24T07:54:03+00:00,
Alamogordo_UFO_Aug_1947.html,doc,img,govt,FALSE,2011-01-24T07:54:04+00:00,
Albuquerque_July9.html,doc,txt,news,FALSE,2011-01-24T07:54:05+00:00,
AP_Chronology.html,doc,txt,news,TRUE,2011-01-24T07:54:27+00:00,aggregation of AP press releases
AP_Earliest_July8.html,doc,txt,news,TRUE,2011-01-24T07:54:30+00:00,
AP_Miami_Herald_July9.html,doc,txt,news,TRUE,2010-08-24T03:30:10+00:00,
AP_NYHeraldTribuneParis_July9.html,doc,txt,news,TRUE,2010-08-24T03:29:34+00:00,
AP1_July9.html,doc,txt,news,TRUE,2011-01-24T07:54:08+00:00,
AP2_July9.html,doc,txt,news,TRUE,2011-01-24T07:54:12+00:00,
AP3_Main_July9.html,doc,txt,news,TRUE,2011-01-24T07:54:18+00:00,
AP4_July9.html,doc,txt,news,TRUE,2010-04-20T20:09:16+00:00,
AP5_July9.html,doc,txt,news,TRUE,2011-01-24T07:54:23+00:00,
Asbury_Park_July13.html,doc,mix,news,FALSE,2011-01-24T07:54:33+00:00,
Bakersfield_July9.html,doc,mix,news,FALSE,2011-01-24T07:54:41+00:00,
balloon_raob.html,doc,img,pub,FALSE,2011-01-24T07:54:51+00:00,scientific american
Bangkok_Post_July9.html,doc,txt,news,FALSE,2017-06-18T17:33:08+00:00,
Barton.html,doc,txt,pub,TRUE,2017-06-18T17:32:54+00:00,
Benjamin.html,doc,mix,pub,TRUE,2017-06-18T17:33:07+00:00,"""from the Carey & Schmitt book"
Boston_Herald_July9.html,doc,txt,news,TRUE,2011-01-24T07:55:01+00:00,
Brawley_July9.html,doc,txt,news,FALSE,2011-01-24T07:55:04+00:00,
Canadian_Press_July9.html,doc,txt,news,FALSE,2011-01-24T07:55:10+00:00,
CeylonObserver_July9.html,doc,txt,news,TRUE,2011-01-24T07:55:16+00:00,
Charleston_NewsCourier_July9.html,doc,txt,news,TRUE,2011-01-24T07:55:20+00:00,
Chester_Lytle.html,doc,txt,orig,FALSE,2017-06-18T17:32:40+00:00,
Chiles_Whitted_1948.html,doc,txt,news,FALSE,2011-01-24T07:55:31+00:00,
Circleville.html,doc,mix,news,FALSE,2010-12-16T01:24:51+00:00,
Critical_Phrases.html,doc,mix,orig,FALSE,2017-06-18T17:33:01+00:00,poll
DallasMorningNews_July9.html,doc,txt,news,TRUE,2011-01-24T07:55:53+00:00,
Dickson_photo.html,doc,img,news,FALSE,2011-01-24T07:56:54+00:00,
Dugger.html,doc,txt,pub,FALSE,2011-04-08T17:37:42+00:00,"Roswell:  Inconvenient Facts and the Will to Believe, 2001"
Durant_Wilson_critique.html,doc,txt,contrib,FALSE,2011-01-24T07:57:06+00:00,
Dyvad1951.html,doc,img,govt,TRUE,2017-06-18T17:32:53+00:00,
Eval_Blanchard0147.html,doc,img,govt,FALSE,2011-01-24T07:57:16+00:00,
Eval_Blanchard0548.html,doc,img,govt,FALSE,2011-01-24T07:57:17+00:00,
Eval_Blanchard0848.html,doc,img,govt,FALSE,2011-01-24T07:57:18+00:00,
Eval_Blandy1046.html,doc,img,govt,FALSE,2011-01-24T07:57:18+00:00,
Eval_Blandy1047.html,doc,img,govt,FALSE,2011-01-24T07:57:19+00:00,
Eval_Hopkins0646.html,doc,img,govt,FALSE,2011-01-24T07:57:20+00:00,
Eval_Jennings0647.html,doc,img,govt,FALSE,2011-01-24T07:57:21+00:00,
Eval_Kepner0846.html,doc,img,govt,FALSE,2011-01-24T07:57:25+00:00,
Eval_McDuffee0649.html,doc,img,govt,FALSE,2011-01-24T07:57:26+00:00,
Eval_McDuffee0750.html,doc,img,govt,FALSE,2011-01-24T07:57:27+00:00,
Eval_Ramey0746.html,doc,img,govt,FALSE,2011-01-24T07:57:27+00:00,
Eval_Ramey0848.html,doc,img,govt,FALSE,2011-01-24T07:57:28+00:00,
Eval_Ryan0848.html,doc,img,govt,FALSE,2011-01-24T07:57:32+00:00,
FBI_Telegram.html,doc,img,govt,TRUE,2011-04-19T06:05:04+00:00,text commentary on image documents
files/160x120.mpg,doc,file,unknown,FALSE,2002-02-24T22:18:50+00:00,downloads video file
files/320x240.mpg,doc,file,unknown,FALSE,2002-02-24T22:29:05+00:00,video file
files/ROSDEBRI.DOC,doc,file,orig,FALSE,2005-03-05T04:11:35+00:00,
files/s30_001.mov,doc,file,unknown,FALSE,2002-06-04T22:50:31+00:00,video file
files/s30_002.mov,doc,file,unknown,FALSE,2002-06-04T22:52:46+00:00,video file
files/s30_003.mov,doc,file,unknown,FALSE,2002-06-04T22:57:33+00:00,video file
files/s30_004.mov,doc,file,unknown,FALSE,2002-06-04T23:00:39+00:00,"video file, won't play"
files/saopaulo.avi,doc,file,news,FALSE,,report in portugese
Flight4_Addendums.html,doc,mix,orig,FALSE,2017-06-18T17:32:48+00:00,more charts and stuff
Flight4_Table5.html,doc,img,pub,FALSE,2011-01-24T07:57:52+00:00,source?
Flight4_Trajectory.html,doc,mix,orig,FALSE,2017-06-18T17:33:27+00:00,
Flight4and5_changes.html,doc,mix,pub,TRUE,2011-01-24T07:58:15+00:00,
Flight5_Fig1_Moore.html,doc,img,pub,FALSE,2011-01-24T07:58:16+00:00,unknown source
Flight5_Table2.html,doc,img,govt,FALSE,2011-01-24T07:58:17+00:00,source?
Flight6_Table3.html,doc,img,govt,FALSE,2011-01-24T07:58:18+00:00,source?
Fort_Worth_April_1951.html,doc,img,pub,FALSE,2011-01-24T07:58:31+00:00,a screenshot of an image search? very interesting
Fortean_Times.html,doc,txt,pub,FALSE,2017-06-18T17:33:08+00:00,"written by author, Fortean Times"
FortWorthST_July9.html,doc,txt,news,TRUE,2011-01-24T07:58:36+00:00,with commentary
fullpage.html,doc,img,news,FALSE,2017-06-18T17:32:45+00:00,
FWSTJuly11.html,doc,mix,news,FALSE,2011-01-24T07:58:42+00:00,
Gen_Wesley_Clark_FTL.html,doc,mix,govt,FALSE,2011-01-24T07:58:45+00:00,audio & transcript source??
Gen_Wesley_Clark_UFOs.html,doc,mix,orig,FALSE,2017-06-18T17:32:53+00:00,
Haut_2000_interview.html,doc,txt,pub,TRUE,2017-06-18T17:33:02+00:00,
Haut_affidavit_process.html,doc,mix,pub,FALSE,2008-11-15T00:38:17+00:00,from MUFON site
INS_July9.html,doc,txt,news,TRUE,2011-01-24T07:59:07+00:00,
INS2_July9.html,doc,txt,news,TRUE,2010-07-03T20:37:25+00:00,
Jefferson_City_July12.html,doc,txt,news,FALSE,2011-01-24T07:59:12+00:00,
Journal_Express_July9.html,doc,txt,news,TRUE,2011-01-24T07:59:18+00:00,
Kalamazoo_July9.html,doc,mix,news,FALSE,2010-07-03T17:37:33+00:00,
KansasCity_July9.html,doc,img,news,FALSE,2010-12-19T01:06:17+00:00,image with captions from different newspapers
Keckburg_triangulation_error.html,doc,mix,orig,FALSE,2011-01-24T07:59:23+00:00,"""preliminary"" version of Kecksburg_triangulation_error.html"
Kecksburg_Printy_rebuttal.html,doc,mix,orig,FALSE,2017-06-18T17:33:19+00:00,long article rebutting someone else
Kecksburg_smoketrail_photos.html,doc,img,pub,FALSE,2011-01-24T07:59:25+00:00,
Kecksburg_triangulation_error.html,doc,mix,orig,FALSE,2017-06-18T17:32:43+00:00,"many charts, rebuttal to scientific paper"
Kellahin.html,doc,txt,pub,TRUE,2012-03-06T20:42:40+00:00,
LA_HeraldExpress_July8.html,doc,txt,news,TRUE,2010-08-24T03:43:45+00:00,
LATimes_8_30_49.html,doc,img,news,FALSE,2011-01-24T07:59:26+00:00,
LIFE_1952.html,doc,mix,pub,FALSE,2017-06-18T17:33:36+00:00,"what is the line between news and pub? define, please"
London_Papers.html,doc,txt,news,TRUE,2011-01-24T08:00:20+00:00,
LOOK_1967.html,doc,img,news,FALSE,2017-06-18T17:32:40+00:00,
Marcel_Crossroads.html,doc,img,pub,TRUE,2011-01-24T08:00:26+00:00,Operation Crossroads: The Official Pictoral Record
Marcel_Jr.html,doc,txt,pub,FALSE,2011-01-24T08:00:35+00:00,"Roswell in Perspective, 1994, Beyond Roswell 1999"
McLaughlin_Van_Allen_letter.html,doc,img,govt,FALSE,2011-01-24T08:00:37+00:00,
McQuiddy.html,doc,txt,pub,FALSE,2011-01-24T08:00:39+00:00,"Roswell in Perspective, 1994"
Memo_HiRes_600dpi.html,doc,img,orig,FALSE,2017-06-18T17:33:29+00:00,
Message_hires.html,doc,img,orig,FALSE,2017-06-18T17:33:14+00:00,keep consistent on the ramey memo images
Message_hires2.html,doc,img,orig,FALSE,2017-06-18T17:33:45+00:00,
Methods.html,doc,txt,orig,FALSE,2017-06-18T17:32:42+00:00,image analysis methodology !!
militarydebunk.html,doc,txt,orig,FALSE,2017-06-18T17:32:55+00:00,
Mogul_Crashes.html,doc,mix,orig,FALSE,2017-06-18T17:33:19+00:00,
Mogul_hoax_FAQ.html,doc,txt,pub,FALSE,2017-06-18T17:33:34+00:00,from virtuallystrange.net
Mogul_UFOs.html,doc,txt,orig,FALSE,2011-01-24T08:00:52+00:00,
Nashville_July9.html,doc,img,news,FALSE,2011-01-24T08:00:54+00:00,
Nellis_discussion.html,doc,mix,orig,FALSE,2017-06-18T17:33:29+00:00,"gifs, consider byline as dividing sub/orig-doc"
Nellis_discussion2.html,doc,mix,orig,FALSE,2017-06-18T17:33:38+00:00,
Nellis_flyover.html,doc,file,unknown,FALSE,2011-01-24T08:01:04+00:00,"video file, text commentary"
Nellis_nukes.html,doc,img,orig,FALSE,2011-01-24T08:01:13+00:00,
Nellis_photos.html,doc,img,govt,FALSE,2011-01-24T08:01:14+00:00,unsure on source
Nellis_S13_transcripts.html,doc,mix,pub,TRUE,2017-06-18T17:33:39+00:00,"downloads audio file, source?"
Nellis_S13_UFO_Graphs.html,doc,mix,orig,FALSE,2011-01-24T08:01:29+00:00,
Nellis_S30_transcripts.html,doc,mix,pub,TRUE,2017-06-18T17:33:41+00:00,downloads audio file
Nellis_velocity.html,doc,img,orig,FALSE,2011-01-24T08:02:56+00:00,
New_York_Times_July9.html,doc,txt,news,TRUE,2011-01-24T08:02:58+00:00,
NewJersey_July09.html,doc,mix,news,FALSE,2011-01-24T08:03:00+00:00,
NewJersey_July11.html,doc,mix,news,FALSE,2011-01-24T08:03:01+00:00,
Newton.html,doc,txt,pub,FALSE,2011-01-24T08:03:03+00:00,"Fact vs. Fiction in the New Mexico Desert, 1995"
NM_Sightings_Graphics.html,doc,img,orig,FALSE,2009-05-11T17:00:07+00:00,
NY_HeraldTribune_July9.html,doc,txt,news,TRUE,2011-01-24T08:03:23+00:00,
NY_LA_Times_2_16_51.html,doc,img,news,FALSE,2011-01-24T08:03:25+00:00,
NY_Times_July9.html,doc,txt,news,TRUE,2011-01-24T08:03:30+00:00,
NYTimes_4_12_52.html,doc,img,news,FALSE,2011-01-24T08:03:32+00:00,
Oklahoman_July9.html,doc,txt,news,TRUE,2011-01-24T08:03:34+00:00,
Omaha_World-Herald_July9.html,doc,txt,news,TRUE,2011-01-24T08:03:37+00:00,
Oxford_Ohio.html,doc,mix,news,FALSE,2011-01-24T08:03:46+00:00,
Philadelphia_Inquirer_July9.html,doc,txt,news,TRUE,2011-01-24T08:03:49+00:00,
Popular_Science_May_1948.html,doc,img,pub,FALSE,2017-06-18T17:33:12+00:00,
Porter.html,doc,txt,pub,FALSE,2011-01-24T08:03:52+00:00,"Roswell in Perspective, 1994"
Press_Coverage.html,doc,txt,orig,FALSE,2012-01-27T00:40:19+00:00,"summary of news reports, original content"
Princeton_July12.html,doc,mix,news,FALSE,2011-01-24T08:04:14+00:00,
Proctor.html,doc,txt,pub,FALSE,2011-01-24T08:04:18+00:00,"Roswell in Perspective, 1994"
Protests_1952.html,doc,img,govt,FALSE,2011-01-24T08:04:19+00:00,
Ramey_1953_AVROSaucer.html,doc,img,news,TRUE,2013-07-12T20:57:11+00:00,
Ramey_and_UFOs.html,doc,mix,orig,FALSE,2017-06-18T17:33:00+00:00,
Ramey_FWST_83152.html,doc,img,news,FALSE,2011-01-24T08:04:33+00:00,
Ramey_memo_compare.html,doc,txt,orig,FALSE,2017-06-18T17:33:12+00:00,text analysis
Ramey_memo_letter_counts.html,doc,mix,orig,FALSE,2017-06-18T17:32:43+00:00,
Ramey_Message_lines_2009.rtf,doc,file,unknown,FALSE,2009-06-23T05:32:55+00:00,open on desktop
Rameys_balloon.html,doc,mix,orig,FALSE,2017-06-18T17:33:21+00:00,really fantastic gif
Rameys_hexagon_story.html,doc,mix,orig,FALSE,2017-06-18T17:33:18+00:00,
Randle_Houran_Graphics.html,doc,mix,orig,FALSE,2017-06-18T17:33:07+00:00,commentary on published academic work
RAWIN_construction.html,doc,mix,orig,FALSE,2015-09-27T20:52:11+00:00,
RDR_July8.html,doc,txt,news,TRUE,2011-01-24T08:04:59+00:00,
Rendlesham_Halt_affidavit_2010.html,doc,txt,contrib,FALSE,2011-01-24T08:05:19+00:00,submitted or originally published here
Rendlesham_pictorial.html,doc,mix,orig,FALSE,2010-09-01T03:01:56+00:00,
Reuters.html,doc,txt,news,TRUE,2011-01-24T08:05:21+00:00,
Reuters_Canada_July10.html,doc,txt,news,TRUE,2011-01-24T08:05:23+00:00,
Reuters_TheHindu_Madras_July10.html,doc,txt,news,TRUE,2011-01-24T08:05:35+00:00,
RMD_July9.html,doc,txt,news,TRUE,2011-01-24T08:05:40+00:00,
RMD_Wilcox_July9.html,doc,txt,news,TRUE,2011-01-24T08:05:47+00:00,
Roberts.html,doc,txt,pub,FALSE,2011-01-24T08:05:50+00:00,"Roswell in Perspective, 1994"
Roswell_weatherman.html,doc,txt,news,FALSE,2011-01-24T08:05:52+00:00,
RoswellSummary10.html,doc,txt,orig,FALSE,2011-01-24T08:05:53+00:00,"no content, page ""under construction"""
RoswellSummary11.html,doc,txt,orig,FALSE,2012-10-08T19:07:30+00:00,
RoswellSummary2.html,doc,mix,orig,FALSE,2011-01-24T08:05:59+00:00,
RoswellSummary3.html,doc,mix,orig,FALSE,2010-05-29T00:36:56+00:00,
RoswellSummary4.html,doc,mix,orig,FALSE,2010-05-29T00:40:41+00:00,
RoswellSummary5.html,doc,mix,news,TRUE,2013-02-11T03:00:31+00:00,
RoswellSummary6.html,doc,mix,orig,FALSE,2013-02-10T22:01:29+00:00,
RoswellSummary8.html,doc,txt,orig,FALSE,2013-01-29T03:26:54+00:00,"check on all Roswell summaries, probably should be categorized together"
RoswellSummary9.html,doc,txt,orig,FALSE,2013-01-29T03:47:28+00:00,
San_Antonio_Light_July7.html,doc,img,news,TRUE,2011-01-24T08:06:27+00:00,
San_Diego_July8.html,doc,mix,news,FALSE,2011-01-24T08:06:38+00:00,
Sarbacher_Nov1983.html,doc,img,pub,FALSE,2011-01-24T08:06:40+00:00,
Satellites_Keyhoe_May1954.html,doc,img,news,FALSE,2011-01-24T08:06:41+00:00,with audio
Satellites_LATimes_SciNL_1954.html,doc,img,news,FALSE,2009-03-23T22:14:54+00:00,
Satellites_NYTIMES_1954.html,doc,img,news,FALSE,2011-01-24T08:06:41+00:00,
Satellites_PopMech_Oct55.html,doc,img,news,FALSE,2011-01-24T08:06:42+00:00,
Seattle_July9.html,doc,mix,news,FALSE,2011-01-24T08:06:46+00:00,
Seattle_Times_July8.html,doc,txt,news,TRUE,2011-01-24T08:06:49+00:00,
SFExaminer_July9.html,doc,mix,news,FALSE,2011-01-24T08:06:51+00:00,
Shag_Harbour/Shag_Harbour_Comix.html,doc,img,pub,FALSE,2017-06-18T17:33:09+00:00,comic book abt crash
Shag_Harbour/Shag_Harbour3_The_Crash.html,doc,txt,pub,FALSE,2017-06-18T17:32:41+00:00,"Dark Object, Ledger & Styles"
Shag_Harbour/Shag_Harbour4_Searches.html,doc,txt,orig,FALSE,2017-06-18T17:32:41+00:00,
Shag_Harbour/Shag_Harbour5_Coverup_Documents.html,doc,mix,orig,FALSE,2017-06-18T17:33:29+00:00,need to agree on types for this- SUB I think
Shag_Harbour/Shag_Harbour6_Second_UFO.html,doc,txt,orig,FALSE,2017-06-18T17:33:02+00:00,
Shirkey.html,doc,txt,pub,FALSE,2002-02-11T06:20:07+00:00,"Roswell in Perspective, 1994"
ShootDown_LATimes_80152.html,doc,img,news,TRUE,2017-06-18T17:33:49+00:00,
Skeptical_Inquirer_response.html,doc,txt,orig,FALSE,2017-06-18T17:32:57+00:00,also submitted/published to Skeptical Inquirer
Sleppy.html,doc,txt,pub,FALSE,2011-01-24T08:07:25+00:00,"Roswell in Perspective, 1994"
smith.html,doc,txt,pub,FALSE,2011-01-24T08:07:27+00:00,"Roswell in Perspective, 1994 and Roswell Crash Update 1995"
Smith_1_3_51.html,doc,img,govt,FALSE,2011-01-24T08:07:30+00:00,
Smith_1_6_51.html,doc,img,govt,FALSE,2011-01-24T08:07:31+00:00,
Smith_11_21_50.html,doc,img,govt,FALSE,2011-01-24T08:07:28+00:00,
Smith_11_24_50.html,doc,img,govt,FALSE,2011-01-24T08:07:29+00:00,source??
Smith_9_15_50.html,doc,img,pub,FALSE,2011-04-23T06:26:57+00:00,unsure of source
Socorro/Soccorro-UFO-Zamora-viewpoint.html,doc,img,orig,FALSE,2017-06-18T17:33:30+00:00,on-site photo taken by author
Socorro/Socorro_Grinder_interview.html,doc,txt,pub,FALSE,2017-06-18T17:33:04+00:00,
Socorro/Socorro_Hynek_interview.html,doc,txt,pub,FALSE,2017-06-18T17:32:59+00:00,
Socorro/Socorro_Reidel_interview.html,doc,txt,news,FALSE,2017-06-18T17:32:45+00:00,
Socorro/Socorro_Zamora_interview.html,doc,txt,news,FALSE,2017-06-18T17:33:35+00:00,transcript of radio interview
Socorro/SocorroWinds_April_24_1964.html,doc,mix,orig,FALSE,2017-06-18T17:32:44+00:00,
Solandt_Aug1983.html,doc,img,govt,FALSE,2011-04-23T06:26:11+00:00,
StLouisPostDispatch_7_30_52.html,doc,img,news,FALSE,2011-07-20T21:05:15+00:00,
Tadolini.html,doc,txt,pub,FALSE,2002-06-11T01:34:22+00:00,"Roswell in Perspective, 1994"
Texas_Sightings_Graphics.html,doc,img,orig,FALSE,2011-11-29T02:19:08+00:00,
Time_stamp.html,doc,img,orig,FALSE,2017-06-18T17:33:31+00:00,
Top_Secret.html,doc,img,news,FALSE,2002-04-29T23:17:09+00:00,
Tucson_July11.html,doc,txt,news,FALSE,2002-05-07T20:19:27+00:00,
Tucson_July7.html,doc,txt,news,FALSE,2002-05-07T20:19:35+00:00,
Tulsa_photo.html,doc,img,news,FALSE,2003-05-29T00:54:26+00:00,
Twining_5_15_54.html,doc,img,news,FALSE,2011-07-20T21:05:16+00:00,
UFO_CalNev_1950_graphic.html,doc,img,orig,FALSE,2017-06-18T17:33:27+00:00,
United_Press_Telexes.html,doc,mix,news,TRUE,2011-05-14T17:28:04+00:00,
UP_Bangkok_Post_July9.html,doc,txt,news,TRUE,2004-12-03T18:36:30+00:00,
UP_Earliest_July8.html,doc,txt,news,TRUE,2002-12-05T04:30:53+00:00,
UP_NevadaSJ_July9.html,doc,txt,news,TRUE,2012-01-27T00:31:27+00:00,
UP_NYPM_July9.html,doc,txt,news,TRUE,2002-01-28T02:55:00+00:00,
UP_SFNews_July8.html,doc,txt,news,TRUE,2011-04-14T02:22:48+00:00,
UP_Standard_July9.html,doc,txt,news,TRUE,2002-05-11T21:15:50+00:00,
Vandenberg_graphic.html,doc,img,orig,FALSE,2002-04-29T23:19:26+00:00,
Vandenberg_July30_1952.html,doc,img,news,FALSE,2011-07-20T21:05:15+00:00,
Vandenberg_logs.html,doc,mix,orig,FALSE,2011-04-23T06:26:11+00:00,
Vandenberg_Truman_photo_July10.html,doc,img,pub,FALSE,2003-04-30T20:45:56+00:00,govt?
Victim_compare.html,doc,mix,orig,FALSE,2017-06-18T17:32:54+00:00,
Washington_Post_July9.html,doc,txt,news,TRUE,2005-02-21T03:24:10+00:00,
WilliamWoody.html,doc,txt,pub,FALSE,2002-05-12T00:30:46+00:00,"Roswell in Perspective, 1994"
Wilmington_July10.html,doc,img,news,FALSE,2002-02-11T06:20:57+00:00,
Wilson_interview.html,doc,txt,news,FALSE,2003-09-27T17:49:00+00:00,
Witness_form.html,doc,txt,orig,FALSE,2002-09-16T18:08:58+00:00,
Word_completion.html,doc,mix,pub,TRUE,2017-06-18T17:33:33+00:00,
Word_Search.html,doc,mix,orig,FALSE,2017-06-18T17:33:04+00:00,text analysis
Zimmerman.html,doc,txt,pub,FALSE,2017-06-18T17:32:52+00:00,"Roswell in Perspective, 1994"
Chicago_Tribune_July9.html,doc ,txt,news,TRUE,2011-01-24T07:55:25+00:00,
UP_ClovisNMPress_July9.html,doc ,txt,news,TRUE,2002-01-28T02:54:03+00:00,
index.html,home,mix,orig,FALSE,2011-11-26T06:58:42+00:00,
Copyright.html,meta,txt,orig,FALSE,2011-01-24T07:55:47+00:00,
Donations.html,meta,mix,orig,FALSE,2011-01-24T07:56:55+00:00,
references.html,meta,txt,orig,FALSE,2011-01-24T08:05:09+00:00,
Nellis_Main.html,portal,txt,multi,FALSE,2017-06-18T17:33:01+00:00,links to videos
Other_Research.html,portal,mix,orig,FALSE,2013-10-11T23:38:25+00:00,"consider ""sub"""
ProjectMogul.html,portal,txt,orig,FALSE,2017-06-18T17:32:46+00:00,
Shag_Harbour/Shag_Harbour1_summary.html,portal,mix,orig,FALSE,2017-06-18T17:32:38+00:00,
Smith_papers.html,portal,txt,govt,TRUE,2011-04-23T06:26:05+00:00,portal to govdocs??
Socorro/Socorro_main.html,portal,mix,orig,FALSE,2017-06-18T17:32:44+00:00,
~site/Scripts_ForSale/ForSale.dll?CMD=CMDPayPalBuyButton&PRODUCT_ID=242290&SHIPPING=false&NOTE=false&HSID=9121522&USERID=121479,meta,,,,,
~site/Scripts_ForSale/ForSale.dll?CMD=CMDPayPalBuyButton&PRODUCT_ID=242293&SHIPPING=false&NOTE=false&HSID=9121522&USERID=121479,meta,,,,,
~site/Scripts_ForSale/ForSale.dll?CMD=CMDPayPalBuyButton&PRODUCT_ID=242294&SHIPPING=false&NOTE=false&HSID=9121522&USERID=121479,meta,,,,,
~site/Scripts_ForSale/ForSale.dll?CMD=CMDPayPalBuyButton&PRODUCT_ID=242300&SHIPPING=false&NOTE=false&HSID=9121522&USERID=121479,meta,,,,,
~site/Scripts_ForSale/ForSale.dll?CMD=CMDPayPalBuyButton&PRODUCT_ID=242303&SHIPPING=false&NOTE=false&HSID=9121522&USERID=121479,meta,,,,,
~site/Scripts_ForSale/ForSale.dll?CMD=CMDPayPalBuyButton&PRODUCT_ID=242304&SHIPPING=false&NOTE=false&HSID=9121522&USERID=121479,meta,,,,,
~site/Scripts_ForSale/ForSale.dll?CMD=CMDPayPalBuyButton&PRODUCT_ID=242307&SHIPPING=false&NOTE=false&HSID=9121522&USERID=121479,meta,,,,,
~site/Scripts_ForSale/ForSale.dll?CMD=CMDPayPalBuyButton&PRODUCT_ID=242309&SHIPPING=false&NOTE=false&HSID=9121522&USERID=121479,meta,,,,,
~site/Scripts_ForSale/ForSale.dll?CMD=CMDPayPalBuyButton&PRODUCT_ID=242311&SHIPPING=false&NOTE=false&HSID=9121522&USERID=121479,meta,,,,,
~site/Scripts_ForSale/ForSale.dll?CMD=CMDPayPalBuyButton&PRODUCT_ID=242312&SHIPPING=false&NOTE=false&HSID=9121522&USERID=121479,meta,,,,,
~site/Scripts_ForSale/ForSale.dll?CMD=CMDPayPalBuyButton&PRODUCT_ID=242315&SHIPPING=false&NOTE=false&HSID=9121522&USERID=121479,meta,,,,,
~site/Scripts_ForSale/ForSale.dll?CMD=CMDPayPalBuyButton&PRODUCT_ID=242319&SHIPPING=false&NOTE=false&HSID=9121522&USERID=121479,meta,,,,,
~site/Scripts_ForSale/ForSale.dll?CMD=CMDPayPalBuyButton&PRODUCT_ID=242322&SHIPPING=false&NOTE=false&HSID=9121522&USERID=121479,meta,,,,,
1947balloon.html,broken,,,,,
AP_Main_July9.html,broken,,,,,
balloondemo.html,broken,,,,,
files/HAUT.jpg,doc,img,govt,,,
files/UFO_Deathbed_form.doc,doc,txt,orig,,,
http://1.bp.blogspot.com/_PXeDY3KOwgA/TGIajR-TI_I/AAAAAAAAFmA/tbUDxGUPl54/s1600/Halt+Affidavit+%28Edt%29.jpg,ext,,,,,
http://1.bp.blogspot.com/_PXeDY3KOwgA/TGIdPBsoeII/AAAAAAAAFmI/j43Zrj59PhQ/s1600/Halt+Affidavit+2+%28Edt%29.jpg,ext,,,,,
http://209.132.68.98/pdf/twiningopinionamc_23sept47.pdf,ext,,,,,
http://209.132.68.98/pdf/vandenberg-calendar_july47.pdf,ext,,,,,
http://216.128.67.116/pdf/bluebookunknowns-v1-6.pdf,ext,,,,,
http://4.bp.blogspot.com/-qlosERlTsaI/TgeJ3Fru7lI/AAAAAAAAGuo/1OWvItWm_TE/s1600/Me%2Bfrom%2BMars%2BSky%2BWhizzer%2BSeen%2B-%2BSan%2BAntonio%2BLight%2B6-26-1947.jpg,ext,,,,,
http://articles.adsabs.harvard.edu/cgi-bin/nph-iarticle_query?1967JRASC..61..159M&data_type=PDF_HIGH&whole_paper=YES&type=PRINTER&filetype=.pdf,ext,,,,,
http://articles.adsabs.harvard.edu/cgi-bin/nph-iarticle_query?1967JRASC..61..184C&data_type=PDF_HIGH&whole_paper=YES&type=PRINTER&filetype=.pdf,ext,,,,,
http://bioguide.congress.gov/scripts/biodisplay.pl?index=T000079,ext,,,,,
http://bluebookarchive.org/page.aspx?PageCode=MAXW-PBB7-1679,ext,,,,,
http://bobkoford.blogspot.com/2008_11_01_archive.html,ext,,,,,
http://books.google.com/books?id=aCcDAAAAMBAJ&pg=PA98&dq=%22flying+saucer%22&lr=lang_en&as_drrb_is=b&as_minm_is=1&as_miny_is=1920&as_maxm_is=12&as_maxy_is=1950&num=100&as_brr=0&as_pt=MAGAZINES&ei=H7oWS6WyBoLklQSQnOiXDA&rview=1#v=twopage&q=%22flying%20saucer%22&f=true,ext,,,,,
http://books.google.com/books?id=e39s92O14EsC&pg=PA3&lpg=PA3&dq=edward+strecker+cia&source=web&ots=KRlDmPs3Yd&sig=VxKJ8yxLlG6fj_gUlC4U6Q3KuY4&hl=en&sa=X&oi=book_result&resnum=4&ct=result,ext,,,,,
http://books.google.com/books?id=ElYEAAAAMBAJ&lpg=PA80&pg=PA81#v=onepage&q&f=false,ext,,,,,
http://brc.nicap.org/1950.htm,ext,,,,,
http://brc.nicap.org/ark.htm,ext,,,,,
http://brc.nicap.org/bluebook/unknowns.htm,ext,,,,,
http://brc.nicap.org/naval.htm,ext,,,,,
http://brc.nicap.org/ufoe/section_12.htm,ext,,,,,
http://brc.nicap.org/ufoe/section_2.htm,ext,,,,,
http://brc.nicap.org/ufoe/section_5.htm,ext,,,,,
http://brc.nicap.org/ufoe/section_6.htm,ext,,,,,
http://brc.nicap.org/ufoe/section_8.htm,ext,,,,,
http://brumac.8k.com/1952YEAROFUFO/1952YEAROFUFO.html,ext,,,,,
http://brumac.8k.com/GulfBreeze/F15UFO/F15UFOCASE.html,ext,,,,,
http://brumac.8k.com/trent1.html,ext,,,,,
http://chedd-angier.com/frontiers/season8.html,ext,,,,,
http://community-2.webtv.net/hotmail.com/prime137/DrFontes/,ext,,,,,
http://cura.free.fr/xv/14starbb.html#Ref17,ext,,,,,
http://devoid.blogs.heraldtribune.com/10634/old-men-and-hard-truths/comment-page-1/?tc=ar,ext,,,,,
http://download.openmindsforum.com/Earl_Fulford-Feb10-2008-_Part_One_Final.mp3,ext,,,,,
http://download.openmindsforum.com/Earl_Fulford-Feb10-2008-_Part_Two_Final.mp3,ext,,,,,
http://earth.google.com/,ext,,,,,
http://earthfiles.com/earth335.htm,ext,,,,,
http://earthquake.usgs.gov/earthquakes/eqarchives/epic/epic_circ.php,ext,,,,,
http://en.wikipedia.org/wiki/Air_War_College,ext,,,,,
http://en.wikipedia.org/wiki/Avro_Canada_VZ-9_Avrocar,ext,,,,,
http://en.wikipedia.org/wiki/Bernard_Newman_%28author%29,ext,,,,,
http://en.wikipedia.org/wiki/Church_Committee,ext,,,,,
http://en.wikipedia.org/wiki/Donald_Keyhoe,ext,,,,,
http://en.wikipedia.org/wiki/Donald_Menzel,ext,,,,,
http://en.wikipedia.org/wiki/Dorothy_Kilgallen,ext,,,,,
http://en.wikipedia.org/wiki/Estimate_of_the_Situation,ext,,,,,
http://en.wikipedia.org/wiki/File:1948_Top_Secret_USAF_UFO_extraterrestrial_document.png,ext,,,,,
http://en.wikipedia.org/wiki/Flying_Saucer_Working_Party,ext,,,,,
http://en.wikipedia.org/wiki/Foo_fighter,ext,,,,,
http://en.wikipedia.org/wiki/George_Wetherill,ext,,,,,
http://en.wikipedia.org/wiki/Ghost_rockets,ext,,,,,
http://en.wikipedia.org/wiki/Ghost_rockets#mediaviewer/File:1948_Top_Secret_USAF_UFO_extraterrestrial_document.png,ext,,,,,
http://en.wikipedia.org/wiki/Harlow_Shapley,ext,,,,,
http://en.wikipedia.org/wiki/Harvey_H._Nininger,ext,,,,,
http://en.wikipedia.org/wiki/Henry_Tizard,ext,,,,,
http://en.wikipedia.org/wiki/Hughie_Green,ext,,,,,
http://en.wikipedia.org/wiki/Jack_Anderson_%28columnist%29,ext,,,,,
http://en.wikipedia.org/wiki/James_E._McDonald,ext,,,,,
http://en.wikipedia.org/wiki/James_Jesus_Angleton,ext,,,,,
http://en.wikipedia.org/wiki/Jay_C._Buckey,ext,,,,,
http://en.wikipedia.org/wiki/Kenneth_Arnold,ext,,,,,
http://en.wikipedia.org/wiki/Kenneth_Arnold_UFO_sighting,ext,,,,,
http://en.wikipedia.org/wiki/Lincoln_LaPaz,ext,,,,,
http://en.wikipedia.org/wiki/List_of_military_nuclear_accidents,ext,,,,,
http://en.wikipedia.org/wiki/Majestic_12,ext,,,,,
http://en.wikipedia.org/wiki/Margaret_Bourke-White,ext,,,,,
http://en.wikipedia.org/wiki/Marion_M._Magruder,ext,,,,,
http://en.wikipedia.org/wiki/Necessary_Evil,ext,,,,,
http://en.wikipedia.org/wiki/Omond_Solandt,ext,,,,,
http://en.wikipedia.org/wiki/Project_Blue_Book,ext,,,,,
http://en.wikipedia.org/wiki/Straight_Flush,ext,,,,,
http://en.wikipedia.org/wiki/The_CIA_and_the_Cult_of_Intelligence,ext,,,,,
http://en.wikipedia.org/wiki/Vannevar_Bush,ext,,,,,
http://en.wikipedia.org/wiki/Viglius,ext,,,,,
http://en.wikipedia.org/wiki/Virgil_Finlay,ext,,,,,
http://en.wikipedia.org/wiki/Wesley_Clark,ext,,,,,
http://en.wikipedia.org/wiki/Wilbert_Smith,ext,,,,,
http://en.wikipedia.org/wiki/William_Curry_Holden,ext,,,,,
http://foia.fbi.gov/foiaindex/ufo.htm,ext,,,,,
http://foia.fbi.gov/roswell.htm,ext,,,,,
http://foia.fbi.gov/ufo/ufo6.pdf,ext,,,,,
http://frankwarren.blogspot.com/2007_05_01_archive.html,ext,,,,,
http://geosurvey.ohiodnr.gov/portals/geosurvey/PDFs/OhioSeis/osnarticle.pdf,ext,,,,,
http://hallmovie.com/title/roswell_declassified_evidence.htm,ext,,,,,
http://history1900s.about.com/library/prm/bljimmydoolittle1.htm,ext,,,,,
http://home.comcast.net/~tprinty/UFO/SUNlite2_3.pdf,ext,,,,,
http://home.earthlink.net/~rcollins634/reports/lubbock_lights51.htm,ext,,,,,
http://home.fuse.net/ufo/47Circleville.html,ext,,,,,
http://home.fuse.net/ufo/47index.html,ext,,,,,
http://homepage.ntlworld.com/mjpowell/Nellis/Part1/Part1.htm,ext,,,,,
http://homepage.ntlworld.com/mjpowell/Nellis/Part3/Part3.htm,ext,,,,,
http://images.google.com/hosted/life/f?q=1950s+balloon+source:life&imgurl=96a4de7a0139f535,ext,,,,,
http://images.google.com/hosted/life/l?imgurl=96a4de7a0139f535&q=1950s+balloon+source:life&usg=__7wMjfUnQ0Geuo7-ZRtXb6CN-KQ4=&prev=/images%3Fq%3D1950s%2Bballoon%2Bsource:life%26start%3D20%26ndsp%3D20%26um%3D1%26hl%3Den%26sa%3DN&um=1,ext,,,,,
http://kevinrandle.blogspot.com/2007/11/brigadier-general-harry-cordes.html,ext,,,,,
http://kevinrandle.blogspot.com/2008/05/ben-games-and-roswell.html,ext,,,,,
http://kevinrandle.blogspot.com/2008/08/blanchard-lytle-and-roswell.html,ext,,,,,
http://majesticdocuments.com/personnel/vandenberg.html,ext,,,,,
http://mapserver.maptech.com/homepage/index.cfm?lat=37.477625&lon=-116.609189&scale=24000&zoom=50&type=1&icon=0&searchscope=dom&CFID=963119&CFTOKEN=39805087&scriptfile=http://mapserver.maptech.com/homepage/index.cfm&latlontype=DMS,ext,,,,,
http://mapserver.maptech.com/homepage/index.cfm?lat=37.479488&lon=-116.586984&scale=24000&zoom=50&type=1&icon=0&width=498&height=498&searchscope=dom&CFID=963119&CFTOKEN=39805087&scriptfile=http://mapserver.maptech.com/homepage/index.cfm&latlontype=DMS,ext,,,,,
http://mapserver.maptech.com/homepage/index.cfm?lat=37.534221&lon=-116.530277&scale=24000&zoom=50&type=1&icon=0&width=498&height=498&searchscope=dom&CFID=963119&CFTOKEN=39805087&scriptfile=http://mapserver.maptech.com/homepage/index.cfm&latlontype=DMS,ext,,,,,
http://mapserver.maptech.com/homepage/index.cfm?lat=37.656442&lon=-116.70797900000001&scale=24000&zoom=50&type=1&icon=0&searchscope=dom&CFID=963119&CFTOKEN=39805087&scriptfile=http://mapserver.maptech.com/homepage/index.cfm&latlontype=DMS,ext,,,,,
http://mapserver.maptech.com/homepage/index.cfm?lat=37.735519&lon=-116.495535&scale=24000&zoom=50&type=1&icon=0&searchscope=dom&CFID=963119&CFTOKEN=39805087&scriptfile=http://mapserver.maptech.com/homepage/index.cfm&latlontype=DMS,ext,,,,,
http://mapserver.maptech.com/homepage/index.cfm?lat=37.78649&lon=-116.76362200000001&scale=24000&zoom=50&type=1&icon=0&searchscope=dom&CFID=963119&CFTOKEN=39805087&scriptfile=http://mapserver.maptech.com/homepage/index.cfm&latlontype=DMS,ext,,,,,
http://members.aol.com/tprinty2/rudiak.html,ext,,,,,
http://members.tripod.com/doctor_nabs/Hughie_Green.html,ext,,,,,
http://meteor.uwo.ca/~pbrown/Science-reprint-pdf.pdf,ext,,,,,
http://meteor.uwo.ca/~pbrown/tagish,ext,,,,,
http://meteor.uwo.ca/~pbrown/tagish/tagish_docs/tagish_final.pdf,ext,,,,,
http://New!  See CUFOS exposure of Kaufmann faking documents -- PDF file.,ext,,,,,
http://news.google.com/newspapers?id=5mhYAAAAIBAJ&sjid=cvcDAAAAIBAJ&pg=2085,ext,,,,,
http://news.google.com/newspapers?id=9VkdAAAAIBAJ&sjid=ulgEAAAAIBAJ&pg=5926,ext,,,,,
http://news.google.com/newspapers?id=BjI_AAAAIBAJ&sjid=NFEMAAAAIBAJ&pg=4744,ext,,,,,
http://news.google.com/newspapers?id=CE0hAAAAIBAJ&sjid=FoIFAAAAIBAJ&pg=2306,ext,,,,,
http://news.google.com/newspapers?id=EztPAAAAIBAJ&sjid=D1ADAAAAIBAJ&pg=3706,ext,,,,,
http://news.google.com/newspapers?id=fB4NAAAAIBAJ&sjid=YWoDAAAAIBAJ&pg=3068,ext,,,,,
http://news.google.com/newspapers?id=LiIzAAAAIBAJ&sjid=lu4HAAAAIBAJ&pg=2482,ext,,,,,
http://news.google.com/newspapers?id=LlJPAAAAIBAJ&sjid=6k4DAAAAIBAJ&pg=2255,ext,,,,,
http://news.google.com/newspapers?id=tbwyAAAAIBAJ&sjid=6esFAAAAIBAJ&pg=5090,ext,,,,,
http://news.google.com/newspapers?id=vl8bAAAAIBAJ&sjid=-k0EAAAAIBAJ&pg=3959,ext,,,,,
http://news.google.com/newspapers?nid=1891&dat=19970712&id=J78fAAAAIBAJ&sjid=HNgEAAAAIBAJ&pg=1314,ext,,,,,
http://nicap.org/,ext,,,,,
http://nicap.org/waves/Wave47Rpt/ReportOnWaveOf1947.pdf,ext,,,,,
http://nicap.org/waves/Wave47Rpt/ReportUFOWave1947_Menu.htm,ext,,,,,
http://nicap.org/waves/Wave47Rpt/ReportUFOWave1947_SectionI.htm,ext,,,,,
http://pabook.libraries.psu.edu/palitmap/KecksburgGBGHeadline.jpg,ext,,,,,
http://popularmechanics.com/science/military/2003/6/roswell_declassified/,ext,,,,,
http://pqasb.pqarchiver.com/rgj/access/1800563531.html?FMT=ABS&FMTS=ABS:FT&type=current&date=Oct+31%2C+2004&author=Beryl+Chong&pub=Reno+Gazette+-+Journal&edition=&startpage=A.8&desc=Celebrities+campaign+in+Reno,ext,,,,,
http://presidentialufo.com/crashed_saucer.htm,ext,,,,,
http://presidentialufo.com/hardware.htm,ext,,,,,
http://presidentialufo.com/keyhoe_redraft.htm,ext,,,,,
http://presidentialufo.com/space_propulsion.htm,ext,,,,,
http://presidentialufo.com/top_secret_text.htm,ext,,,,,
http://presidentialufo.com/us_r&db.htm,ext,,,,,
http://project1947.com/fig/1945a.htm,ext,,,,,
http://project1947.com/roswell/8thaaf.htm,ext,,,,,
http://project1947.com/roswell/wkzo.htm,ext,,,,,
http://redstarfilms.blogspot.com/2007/03/shag-harbour-ufo-incident-sui-generis.html,ext,,,,,
http://rendlesham-incident.co.uk/old/charles-halt-memo.php,ext,,,,,
http://science.nasa.gov/headlines/y2002/16sep_rightstuff.htm?list100309,ext,,,,,
http://securingamerica.com:80/ccn/node/3158,ext,,,,,
http://shagharbourufo.com/,ext,,,,,
http://silverscreensaucers.blogspot.com/2011_10_01_archive.html,ext,,,,,
http://slideboxmedia.com,ext,,,,,
http://theparacast.com/,ext,,,,,
http://the-wanderling.com/scully.html,ext,,,,,
http://timelines.ws/states/IDAHO.HTML,ext,,,,,
http://tinyurl.com/24z6et,ext,,,,,
http://tinyurl.com/3bxxxqq,ext,,,,,
http://tinyurl.com/3fc57l3,ext,,,,,
http://tinyurl.com/3hwuneb,ext,,,,,
http://tinyurl.com/3nwssrl,ext,,,,,
http://tinyurl.com/3oemhrn,ext,,,,,
http://tinyurl.com/3r8wu8m,ext,,,,,
http://tinyurl.com/3s7mjvk,ext,,,,,
http://tinyurl.com/6wq8ppo,ext,,,,,
http://truthseekeratroswell.com/,ext,,,,,
http://truthseekeratroswell.com/foiajbjpage29.html,ext,,,,,
http://ufocasebook.com/peru1952.html,ext,,,,,
http://ufocon.blogspot.com/2008/12/roswell-undertakers-secret-revealed-by.html,ext,,,,,
http://ufocon.blogspot.com/2009/03/roswell-fireman-confesses-it-was-flying.html,ext,,,,,
http://ufocon.blogspot.com/2010/02/roswell-crash-talk-before-all-hoopla-by.html,ext,,,,,
http://ufocon.blogspot.com/2010/09/sheriffs-dark-roswell-secret-revealed.html,ext,,,,,
http://ufocon.blogspot.com/2010/11/government-officials-caught-on-tape.html,ext,,,,,
http://ufologie.net/htm/true50mc01.htm,ext,,,,,
http://ufologie.patrickgross.org/ce3/1949-08-20-usa-deathvalley.htm,ext,,,,,
http://ufos.about.com/library/weekly/aa080597.htm,ext,,,,,
http://ufos.about.com/library/weekly/aa100797.htm,ext,,,,,
http://ufoupdateslist.com/1999/mar/m06-007.shtml,ext,,,,,
http://ufoupdateslist.com/2003/jul/m18-003.shtml,ext,,,,,
http://ufoupdateslist.com/2007/jan/m16-001.shtml,ext,,,,,
http://upload.wikimedia.org/wikipedia/en/1/1f/Haltmemo.jpg,ext,,,,,
http://usafflagranks.com/Major_General_Clements_McMullen.htm,ext,,,,,
http://video.google.chttp://video.google.com/videoplay?docid=-4694075066240662837#,ext,,,,,
http://video.google.com/videoplay?docid=-4694075066240662837,ext,,,,,
http://video.google.com/videoplay?docid=-5146667346138302517&q=nellis+ufo&hl=en,ext,,,,,
http://video.google.com/videoplay?docid=6821482599776880969&q=Jaime+Maussan&hl=en,ext,,,,,
http://virtuallystrange.net/ufo/updates/2004/jul/m28-011.shtml,ext,,,,,
http://wc0.worldcrossing.com/WebX?7@@.1de33e47/15,ext,,,,,
http://www.7bwb-36assn.org/b36genhistpg2.html,ext,,,,,
http://www.7bwb-36assn.org/b36genhistpg2.html#1949,ext,,,,,
http://www.abovetopsecret.com/forum/thread187533/pg1,ext,,,,,
http://www.abqjournal.com/roswell/roslived1.htm,ext,,,,,
http://www.abqjournal.com/roswell/roslived2.htm,ext,,,,,
http://www.abqjournal.com/roswell/roslived5.htm,ext,,,,,
http://www.abqjournal.com/roswell/roslived6.htm,ext,,,,,
http://www.af.mil/bios/bio.asp?bioID=5102,ext,,,,,
http://www.af.mil/bios/bio.asp?bioID=5992,ext,,,,,
http://www.af.mil/bios/bio.asp?bioID=7568,ext,,,,,
http://www.af.mil/bios/bio_7019.shtml,ext,,,,,
http://www.af.mil/information/bios/bio.asp?bioID=5102,ext,,,,,
http://www.af.mil/information/bios/bio.asp?bioID=5249,ext,,,,,
http://www.af.mil/information/bios/bio.asp?bioID=5280,ext,,,,,
http://www.af.mil/information/bios/bio.asp?bioID=5381,ext,,,,,
http://www.af.mil/information/bios/bio.asp?bioID=6178,ext,,,,,
http://www.af.mil/information/bios/bio.asp?bioID=6616,ext,,,,,
http://www.af.mil/information/bios/bio.asp?bioID=6638,ext,,,,,
http://www.af.mil/information/bios/bio.asp?bioID=7455,ext,,,,,
http://www.af.mil/lib/roswell/,ext,,,,,
http://www.af.mil/news/biographies/blanchard_wh.html,ext,,,,,
http://www.af.mil/news/biographies/kepner_we.html,ext,,,,,
http://www.af.mil/news/biographies/ryan_jd.html,ext,,,,,
http://www.af.mil/news/biographies/ryan_me.html,ext,,,,,
http://www.airfields-freeman.com/CA/Airfields_CA_SanBernardino_NE.html,ext,,,,,
http://www.amazon.com/gp/product/customer-reviews/1564149439/sr=8-1/qid=1182622446/ref=cm_cr_dp_all_top/104-8727181-7992758?ie=UTF8&n=283155&s=books&qid=1182622446&sr=8-1#customerReviews,ext,,,,,
http://www.amazon.com/Murder-Marilyn-Monroe-Donald-Burleson/dp/0964958058,ext,,,,,
http://www.americanchronicle.com/articles/view/112957,ext,,,,,
http://www.antiquelynx.com/Articles/PieSafesRR.htm,ext,,,,,
http://www.apple.com/quicktime/download/,ext,,,,,
http://www.aracnet.com/~pdxavets/chartat1.jpg,ext,,,,,
http://www.arlingtoncemetery.com/hsvanden.htm,ext,,,,,
http://www.arlingtoncemetery.com/ntwining.htm,ext,,,,,
http://www.astronomyufo.com/UFO/ScienceFiction.htm,ext,,,,,
http://www.astronomyufo.com/UFO/SUNlite3_6.pdf,ext,,,,,
http://www.bibliotecapleyades.net/sociopolitica/condonreport/full_report/appndx-s.htm,ext,,,,,
http://www.blackmesapress.com/page4.htm,ext,,,,,
http://www.blackvault.com/documents/ufos/janaug/janaugwpafb83.htm,ext,,,,,
http://www.blackvault.com/Main/Sector_1/Freedom_of_Information_Act_Doc/FOIA_-_USAF/USAF_UFO_FOIA_Request_13/75.gif,ext,,,,,
http://www.bluebookarchive.org/page.aspx?PageCode=MAXW-PBB7-89,ext,,,,,
http://www.bluebookarchive.org/page.aspx?PageCode=NARA-PBB2-94,ext,,,,,
http://www.bluebookarchive.org/search.aspx,ext,,,,,
http://www.chicagotribune.com/news/opinion/chi-editweingarten,ext,,,,,
http://www.childrenofthemanhattanproject.org/OC/Pages/OCP-006.htm,ext,,,,,
http://www.coasttocoastam.com/shows/2007/06/30.html,ext,,,,,
http://www.cohenufo.org/Maccabee/default.htm,ext,,,,,
http://www.collectionscanada.gc.ca/ufo/002029-1500.01-e.html,ext,,,,,
http://www.csicop.org/si/9507/roswell.html,ext,,,,,
http://www.csicop.org/si/guide-for-authors.html,ext,,,,,
http://www.cufon.org/contributors/Sparks/Sparks_Rebut_Ramey_Message.pdf,ext,,,,,
http://www.cufon.org/cufon/afr200-2.htm,ext,,,,,
http://www.cufon.org/cufon/AFR55-88.htm,ext,,,,,
http://www.cufon.org/kinross/kinross_missing.htm,ext,,,,,
http://www.cufos.org/,ext,,,,,
http://www.dailykos.com/story/2009/03/07/705905/-Saturday-Night-Uforia:-The-Year-of-Many-Explanations-%28Part-4%29,ext,,,,,
http://www.dailymotion.com/video/x2imlp1_ufos-declassified-s01e05-ufo-crash-sites_fun?start=13,ext,,,,,
http://www.disclosureproject.org/lovekin/documents.htm,ext,,,,,
http://www.discover.com/issues/apr-04/features/glassy-metals/?page=2,ext,,,,,
http://www.earthfiles.com/news/news.cfm?ID=819&category=Science,ext,,,,,
http://www.earthfiles.com/news/news.cfm?ID=825&category=Science,ext,,,,,
http://www.ebay.com/itm/1951-vintage-AIR-FORCE-woman-Flying-Saucer-UFO-Hamilton-Watch-Military-AD-/350490325781?pt=LH_DefaultDomain_0&hash=item519ad9f315,ext,,,,,
http://www.emory.com/dvd/1449.htm,ext,,,,,
http://www.fadeddiscs.com/,ext,,,,,
http://www.filersfiles.com/files/2000/FilersFiles14.htm,ext,,,,,
http://www.findagrave.com/cgi-bin/fg.cgi?page=gr&GRid=59658498,ext,,,,,
http://www.findagrave.com/cgi-bin/fg.cgi?page=mr&MRid=47162573,ext,,,,,
http://www.flatwoodsmonster.com/,ext,,,,,
http://www.fold3.com/image/1/86936,ext,,,,,
http://www.foreshadower.net/,ext,,,,,
http://www.foreshadower.net/wp-content/uploads/2012/04/1947-07-31-El-Paso-Herald-Post-Mokler1.png,ext,,,,,
http://www.forteantimes.com,ext,,,,,
http://www.freewebz.com/aenigmatis/Nellis/Soundtrack.htm,ext,,,,,
http://www.geocities.com/SoHo/Gallery/3452/Sarb.htm,ext,,,,,
http://www.gl.iit.edu/wadc/history/roswell/Report/index.html,ext,,,,,
http://www.google.com/search?q=%22BULLDOGS+FOREVER%22+QUIST+%22FRANK+JOYCE%22&btnG=Search+Books&tbm=bks&tbo=1,ext,,,,,
http://www.guba.com/watch/2000903475?duration_step=0&fields=23&filter_tiny=0&pp=10&query=sci-fi%20investigates%20roswell&sb=10&set=5&sf=0&size_step=0&o=4&sample=1193607736:86622b79fe8053ce4360d93191929d3a675a152e,ext,,,,,
http://www.hallrichard.com/keyhoe.htm,ext,,,,,
http://www.history.noaa.gov/stories_tales/thunder0.html,ext,,,,,
http://www.homestead.com/Splash.html?315,ext,,,,,
http://www.huffingtonpost.com/2011/07/22/roswell-ufo-cover-up_n_904039.html,ext,,,,,
http://www.isso.org/inbox/ubd/case/1944.htm,ext,,,,,
http://www.isso.org/inbox/ubd/case/1946.htm,ext,,,,,
http://www.iufog.org/project1947/,ext,,,,,
http://www.iufomrc.org/,ext,,,,,
http://www.jerrypippin.com/16th_annual_ozark_ufo_conference.htm,ext,,,,,
http://www.karenlyster.com/disproject.html,ext,,,,,
http://www.konsulting.com/audio_clips.htm,ext,,,,,
http://www.larryhatch.net/YDAY50.html,ext,,,,,
http://www.lazygranch.com/sa.htm,ext,,,,,
http://www.liquidmetal.com/news/dsp.news.070502.asp,ext,,,,,
http://www.lovekinandyoung.com/attorneys.html,ext,,,,,
http://www.majesticdocuments.com/,ext,,,,,
http://www.majesticdocuments.com/authentication/archives/foia.html,ext,,,,,
http://www.majesticdocuments.com/authentication/archives/nationalarchives.html,ext,,,,,
http://www.majesticdocuments.com/pdf/smithmemo-21nov51.pdf,ext,,,,,
http://www.majesticdocuments.com/witnesses.php,ext,,,,,
http://www.mnmufon.org/mmj/mmj102.pdf,ext,,,,,
http://www.msnbc.com/news/609170.asp,ext,,,,,
http://www.museumofhoaxes.com/moonhoax.html,ext,,,,,
http://www.narcap.org/McDonald1.htm,ext,,,,,
http://www.narcap.org/McDonald3.htm,ext,,,,,
http://www.nature.com/nsu/030414/030414-12.html,ext,,,,,
http://www.ncdc.noaa.gov/cdo-web/#t=thirdTabLink,ext,,,,,
http://www.ncdc.noaa.gov/pub/software/cdrom/rsonde/DOS_v1.5/astation.his,ext,,,,,
http://www.ncstateguard.org/,ext,,,,,
http://www.nctimes.com/articles/2007/10/05/lifeandtimes/20_37_059_29_07.txt,ext,,,,,
http://www.neilslade.com/ufos.html,ext,,,,,
http://www.niac.usra.edu/files/library/meetings/annual/jun01/510Maise.pdf,ext,,,,,
http://www.nicap.dabsol.co.uk/five.htm,ext,,,,,
http://www.nicap.dabsol.co.uk/fsar-chVII.htm,ext,,,,,
http://www.nicap.dabsol.co.uk/magnetsmith.htm,ext,,,,,
http://www.nicap.dabsol.co.uk/Rufo.htm,ext,,,,,
http://www.nicap.dabsol.co.uk/topsec.htm,ext,,,,,
http://www.nicap.dabsol.co.uk/true-mc.htm,ext,,,,,
http://www.nicap.dabsol.co.uk/ufochop2.htm,ext,,,,,
http://www.nicap.dabsol.co.uk/wns3.htm,ext,,,,,
http://www.nicap.org/1950.htm,ext,,,,,
http://www.nicap.org/audio/McCoy.mp3,ext,,,,,
http://www.nicap.org/babylon/missile_incidents.htm,ext,,,,,
http://www.nicap.org/books/fsos/chVI.htm,ext,,,,,
http://www.nicap.org/docs/chiles/480724aair.htm,ext,,,,,
http://www.nicap.org/life52.htm,ext,,,,,
http://www.nicap.org/loedding/LoeddingBook.pdf,ext,,,,,
http://www.nicap.org/ncp/ncp-brumac.htm,ext,,,,,
http://www.nicap.org/reports/lockufoinc.htm,ext,,,,,
http://www.nicap.org/rufo/contents.htm,ext,,,,,
http://www.nicap.org/rufo/contents2.htm,ext,,,,,
http://www.nicap.org/rufo/rufo-06.htm,ext,,,,,
http://www.nicap.org/rufo/rufo-09.htm,ext,,,,,
http://www.nicap.org/topsec.htm,ext,,,,,
http://www.nicap.org/ufoe/section_12.htm,ext,,,,,
http://www.nicap.org/ufoe/section_3.htm,ext,,,,,
http://www.nicap.org/ufoe/section_4.htm,ext,,,,,
http://www.nicap.org/ufoe/section_5.htm,ext,,,,,
http://www.nidsci.org/pdf/bluebookunknowns-v1-6.pdf,ext,,,,,
http://www.nmsr.org/sf-gun.htm,ext,,,,,
http://www.noaa.gov,ext,,,,,
http://www.noufors.com/audio/Cops%20and%20Saucers/07.mp3,ext,,,,,
http://www.noufors.com/audio/Cops%20and%20Saucers/08.mp3,ext,,,,,
http://www.noufors.com/audio/Cops%20and%20Saucers/12.mp3,ext,,,,,
http://www.noufors.com/audio/Cops_and_20Saucers/10.mp3,ext,,,,,
http://www.nytimes.com/1993/10/22/obituaries/lawrence-r-hafstad-dies-at-89-helped-to-develop-nuclear-power.html,ext,,,,,
http://www.nytimes.com/2004/05/10/technology/10crypto.html?pagewanted=print,ext,,,,,
http://www.nytimes.com/2005/12/18/national/18anderson.html?ex=1292562000&en=3ad2086bfc4ddae7&ei=5090&_r=0,ext,,,,,
http://www.onelook.com,ext,,,,,
http://www.onelook.com.,ext,,,,,
http://www.outtahear.com/beyond_updates/audio%20files/Robert_Carl/carr.htm,ext,,,,,
http://www.ozarkufo.com/,ext,,,,,
http://www.paradigmresearchgroup.org/Charleston_Gazette-July_29_1952.htm,ext,,,,,
http://www.parascope.com/articles/0597/rpanel2.htm,ext,,,,,
http://www.parascope.com/nb/articles/hooverUFO.htm,ext,,,,,
http://www.parascope.com/nb/cautionarytales/cautionarytales03.htm,ext,,,,,
http://www.paypal.com,ext,,,,,
http://www.physics.smu.edu/~pseudo/UFOs/Scully/Cahn1.pdf,ext,,,,,
http://www.popsci.com/popsci/science/article/0%2C12543%2C676853%2C00.html,ext,,,,,
http://www.presidentialufo.8m.com/harrys.htm,ext,,,,,
http://www.presidentialufo.com/articles-a-papers/193-wilbert-smith-a-crashed-saucer-and-the-ultimate-alien-encounter,ext,,,,,
http://www.presidentialufo.com/flyer.htm,ext,,,,,
http://www.presidentialufo.com/hardware.htm,ext,,,,,
http://www.presidentialufo.com/index.php?option=com_content&view=category&id=58:articles&Itemid=77,ext,,,,,
http://www.presidentialufo.com/old_site/flyer.htm,ext,,,,,
http://www.presidentialufo.com/old_site/smith.htm,ext,,,,,
http://www.presidentialufo.com/old_site/space_propulsion.htm,ext,,,,,
http://www.presidentialufo.com/smith.htm,ext,,,,,
http://www.presidentialufo.com/time_travel.htm,ext,,,,,
http://www.presidentialufo.com/truman_ufo_promise.htm,ext,,,,,
http://www.presidentialufo.com/wilbert-smith-articles,ext,,,,,
http://www.presidentialufo.com/wilbert-smith-articles/340-hardware,ext,,,,,
http://www.presidentialufo.com/wilbert-smith-articles/documents,ext,,,,,
http://www.primenet.com/~bdzeiler/roswell/ramey848.gif,ext,,,,,
http://www.project1947.com/,ext,,,,,
http://www.project1947.com//fig/1948air.htm,ext,,,,,
http://www.project1947.com/fig/1947b.htm,ext,,,,,
http://www.project1947.com/fig/1947f.htm,ext,,,,,
http://www.project1947.com/fig/1948air.htm,ext,,,,,
http://www.project1947.com/gfb/gfbchron.html,ext,,,,,
http://www.project1947.com/roswell/8thaaf.htm,ext,,,,,
http://www.project1947.com/roswell/twinng47.htm,ext,,,,,
http://www.project1947.com/roswell/ufo47.htm,ext,,,,,
http://www.project1947.com/roswell/wkzo.htm,ext,,,,,
http://www.qtm.net/~geibdan/videoclips/nellis.mpeg,ext,,,,,
http://www.rand.org/history/,ext,,,,,
http://www.rense.com/general11/nan.htm,ext,,,,,
http://www.rense.com/general26/bedhmp.htm,ext,,,,,
http://www.rense.com/general29/astn.htm,ext,,,,,
http://www.rense.com/general45/des.htm,ext,,,,,
http://www.roswellinvestigator.com/the-biggest-lie.php,ext,,,,,
http://www.roswell-record.com/archives/110104/news05.html,ext,,,,,
http://www.sacred-texts.com/ufo/fsar/fsar02.htm,ext,,,,,
http://www.santafe.edu/~shalizi/reviews/ufo-crash-at-roswell/,ext,,,,,
http://www.saturdaynightuforia.com/html/articles/articlehtml/itseemedimpossible-partfive.html,ext,,,,,
http://www.saturdaynightuforia.com/html/articles/articlehtml/itseemedimpossible-partfour.html,ext,,,,,
http://www.saturdaynightuforia.com/html/articles/articlehtml/itseemedimpossible-partsix.html,ext,,,,,
http://www.saturdaynightuforia.com/html/articles/articlehtml/itseemedimpossible-partthree.html,ext,,,,,
http://www.saturdaynightuforia.com/html/articles/articlehtml/ourspeakertonight-frankedwards.html,ext,,,,,
http://www.saturdaynightuforia.com/html/articles/articlehtml/positivelytruestoryofkennetharnold5.html,ext,,,,,
http://www.sciencemag.org/,ext,,,,,
http://www.scientificexploration.org/journal/jse_16_1_houran.pdf,ext,,,,,
http://www.scifi.com/roswell/index.php,ext,,,,,
http://www.serve.com/mahood/nellis/nellismn.htm,ext,,,,,
http://www.serve.com/mahood/nellis/tolicha/tp-chrt.jpg,ext,,,,,
http://www.serve.com/mahood/nellis/tolicha/tpecr.htm,ext,,,,,
http://www.sfmuseum.net/hist9/aaf2.html,ext,,,,,
http://www.signonsandiego.com/news/northcounty/20071026-9999-lz1mc26ufo.html,ext,,,,,
http://www.smu.ca/administration/archives/digital_bg/subseries_ufo.html,ext,,,,,
http://www.smu.ca/webfiles/bg_ufo.pdf,ext,,,,,
http://www.srh.noaa.gov/ssd/tstm/images/raob.gif,ext,,,,,
http://www.stargate-chronicles.com/site/chapter-from-the-upcoming-book-stargate-chronicles-brigadier-general-thomas-jefferson-dubose-a-personal-interview-roswell-crash-and-cover-up-exposed-by-clark-c-mcclelland/,ext,,,,,
http://www.stargate-chronicles.com/site/et-observed-inside-space-shuttle-payload-bay/,ext,,,,,
http://www.stargate-chronicles.com/web/book-chapters/,ext,,,,,
http://www.superiorvideo.com/rosreponufvi.html,ext,,,,,
http://www.temporaldoorway.com/ufo/catalog/database/displayquerypage.asp?Folder=1&Qhead=Jacques+Vallee%27s+Magonia+Catalog&Introp=This+is+a+collection+of+cases+where+UFOs+were+reported+to+approach+the+ground+or+land%2E&offset=50,ext,,,,,
http://www.theblackvault.com/encyclopedia/documents/MUFON/Journals/2007/September_2007.pdf,ext,,,,,
http://www.theforbiddenknowledge.com/hardtruth/nasa_knows_ufos.htm,ext,,,,,
http://www.theregister.co.uk/2010/08/10/side_channel_printer_attack/,ext,,,,,
http://www.theufochronicles.com/2008/11/my-ufo-experience-witness-recounts.html,ext,,,,,
http://www.theufochronicles.com/2010/07/fishing-is-always-better-in-texas.html,ext,,,,,
http://www.theufochronicles.com/2011/04/march-22-1950-fbi-memo-on-crashed.html,ext,,,,,
http://www.theufochronicles.com/search/label/Maritime%20UFO%20Files,ext,,,,,
http://www.time.com/time/magazine/article/0,ext,,,,,
http://www.tmvisions.com/RS/disclosureproject/,ext,,,,,
http://www.topsecrettestimony.com/6monthsummary.htm,ext,,,,,
http://www.trumanlibrary.org/calendar/main.php?currMonth=7&currYear=1947&searchterm=blandy&bool=AND&searchterm1=&yearstart=1945&yearend=1952&limit=10&lowerlimit=0,ext,,,,,
http://www.trumanlibrary.org/calendar/main.php?currYear=1947&currMonth=7&currDay=7,ext,,,,,
http://www.trumanlibrary.org/calendar/main.php?currYear=1947&currMonth=7&currDay=9,ext,,,,,
http://www.trumanlibrary.org/oralhist/hertford.htm,ext,,,,,
http://www.truthseekeratroswell.com/foia_requests_and_responses.html,ext,,,,,
http://www.truthseekeratroswell.com/foia_requests_and_responses.html.html,ext,,,,,
http://www.truthseekeratroswell.com/foiajbjpage29.html,ext,,,,,
http://www.truthseekeratroswell.com/foiarequestsindex.htm,ext,,,,,
http://www.ufocasebook.com/bestufopictures.html,ext,,,,,
http://www.ufocasebook.com/lubbocklights.html,ext,,,,,
http://www.ufoconspiracy.com/images/lubbock_lights51.jpg,ext,,,,,
http://www.ufodigest.com/news/0607/witnesstoroswell.html,ext,,,,,
http://www.ufoevidence.org/documents/doc1040.htm,ext,,,,,
http://www.ufoevidence.org/documents/doc1999.htm,ext,,,,,
http://www.ufoevidence.org/documents/doc615.htm,ext,,,,,
http://www.ufoevidence.org/documents/doc887.htm,ext,,,,,
http://www.ufoevidence.org/documents/doc891.htm,ext,,,,,
http://www.ufoevidence.org/topics/ProjectBlueBook.htm,ext,,,,,
http://www.ufohastings.com/BookOrderPage.html,ext,,,,,
http://www.ufohastings.com/BookPage.html,ext,,,,,
http://www.ufomind.com/area51/desertrat/1995/dr22/,ext,,,,,
http://www.ufomystic.com/2011/09/12/1951-ad-mentions-roswell/,ext,,,,,
http://www.ufoupdateslist.com/1997/jun/m01-003.shtml,ext,,,,,
http://www.ufoupdateslist.com/1997/may/m28-007.shtml,ext,,,,,
http://www.ufoupdateslist.com/2000/dec/m26-004.shtml,ext,,,,,
http://www.ufoupdateslist.com/2000/dec/m26-005.shtml,ext,,,,,
http://www.ufoupdateslist.com/2004/sep/m22-022.shtml,ext,,,,,
http://www.ufovidmag.com/ram/The.Disclosure.Project.2002.Part2.ram,ext,,,,,
http://www.unknowncountry.com/journal/?id=177,ext,,,,,
http://www.uta.edu/library/SpCo/fwst/,ext,,,,,
http://www.virtuallystrange.net/ufo/sdi/sdiarchive/sdi179.ra,ext,,,,,
http://www.virtuallystrange.net/ufo/updates/2002/oct/m09-008.shtml,ext,,,,,
http://www.virtuallystrange.net/ufo/updates/2003/dec/m04-024.shtml,ext,,,,,
http://www.virtuallystrange.net/ufo/updates/2003/jan/m08-008.shtml,ext,,,,,
http://www.virtuallystrange.net/ufo/updates/2004/jan/m01-007.shtml,ext,,,,,
http://www.virtuallystrange.net/ufo/updates/2007/jan/m16-001.shtml,ext,,,,,
http://www.wunderground.com,ext,,,,,
http://www.wunderground.com/history/airport/KABQ/1964/4/24/DailyHistory.html?req_city=NA&req_state=NA&req_statename=NA,ext,,,,,
http://www.wunderground.com/history/airport/KTCS/1964/4/24/DailyHistory.html?req_city=NA&req_state=NA&req_statename=NA,ext,,,,,
http://www.youtube.com/watch?v=96poPSlZoKI&feature=related,ext,,,,,
http://www.youtube.com/watch?v=BSgBq4BSUlg&feature=related,ext,,,,,
http://www.youtube.com/watch?v=bTvBgetlY_o&feature=related,ext,,,,,
http://www.youtube.com/watch?v=Dy7YoiGakGQ,ext,,,,,
http://www.youtube.com/watch?v=Ldm7Px3HELA&mode=related&search=,ext,,,,,
http://www.youtube.com/watch?v=MzVffqqYR_I,ext,,,,,
http://www.youtube.com/watch?v=nrwB_0tDPxc&feature=related,ext,,,,,
http://www.youtube.com/watch?v=sND6r5tjrUk,ext,,,,,
http://www.youtube.com/watch?v=TQiaMj_5HE4&feature=related,ext,,,,,
http://www.youtube.com/watch?v=UtI0PHWZSjs,ext,,,,,
http://www3.ns.sympatico.ca/dledger/D.O.Txt.html,ext,,,,,
http://www3.ns.sympatico.ca/dledger/DO-Docs.html,ext,,,,,
http://www3.ns.sympatico.ca/dledger/SH_DOC_%5bB%5d.html,ext,,,,,
http://www3.ns.sympatico.ca/dledger/SHdocC.html,ext,,,,,
http://www3.ns.sympatico.ca/dledger/shdocd.gif,ext,,,,,
https://books.google.com/books?id=GbNi8Si_O4UC&pg=PA122&lpg=PA122&dq=british+interplanetary+society+crashed+saucers&source=bl&ots=vRZ4glq4NV&sig=ApPdnxocrKqBn1CPYsCLsxE71JA&hl=en&sa=X&ved=0ahUKEwjT6b3Cm_jLAhUK3WMKHWDZBHgQ6AEIODAE#v=onepage&q=british%20interplanetary%20society%20crashed%20saucers&f=false,ext,,,,,
https://en.wikipedia.org/wiki/Arthur_C._Clarke,ext,,,,,
https://en.wikipedia.org/wiki/British_Interplanetary_Society,ext,,,,,
https://en.wikipedia.org/wiki/Ed_Emshwiller,ext,,,,,
https://secure.wikimedia.org/wikipedia/en/wiki/2006_O%27Hare_International_Airport_UFO_sighting,ext,,,,,
https://secure.wikimedia.org/wikipedia/en/wiki/Dorothy_Kilgallen,ext,,,,,
https://web.archive.org/web/20131229174656/http://firsttoland.blogspot.com/2005/12/countdown-to-kecksburg-fireball-of.html,ext,,,,,
https://www.airforcehistory.hq.af.mil/Publications/fulltext/roswell.pdf,ext,,,,,
https://www.cia.gov/library/center-for-the-study-of-intelligence/csi-publications/csi-studies/studies/97unclass/ufo.html,ext,,,,,
https://www.fold3.com/image/8693545,ext,,,,,
https://www.fold3.com/image/8693585,ext,,,,,
https://www.fold3.com/image/8693596,ext,,,,,
https://www.fold3.com/image/8693626,ext,,,,,
https://www.fold3.com/image/8693728,ext,,,,,
https://www.paypal.com/cgi-bin/wv_web/.hkLaIkiSNEco1IkUeU0etSoZIp7H2dpnIvXN2se7nbeCqoo--STY..SwU1pxTzug2bWnA/secret.mp3,ext,,,,,
https://www.paypal.com/cgi-bin/wv_web/3aiq7Ll7RC.euXQq2Ze.UhkYXX-lTgY4oBXrUdltugogvPJSG.KZma2.wujV6LAGadtKBw/secret.mp3,ext,,,,,
https://www.paypal.com/cgi-bin/wv_web/5wIR0FirdSJhpmsW103J6drIOh5UUVOmvAetH51zZKYZxnn4NUIAbokDSjdO7ctS.kmqiw/secret.mp3,ext,,,,,
https://www.paypal.com/cgi-bin/wv_web/6vu7QjxjqAcFVrmDhIUPcsXS0pjT4CIl5Bg.g8ewXWIjOOK5VMEnTn.wtjpyNoXUT2bEbg/secret.mp3,ext,,,,,
https://www.paypal.com/cgi-bin/wv_web/8HIm6Vg0414wvHJRRoXYDW4iu161oc00iY3t.CNFnhL8LtRcw9p4eboHA2ybwRAEQNxb-g/secret.mp3,ext,,,,,
https://www.paypal.com/cgi-bin/wv_web/FwEgDSFk4Ak6pTECiYcnPGXJtVHgjNgxKEfbKm.qHPiRcFF--MF9YkYZ1I3QLSb55pdoOg/secret.mp3,ext,,,,,
https://www.paypal.com/cgi-bin/wv_web/hM5jRb7iKaYXA22eYZFl4p6x1ZKggHRPwpMRrFzR4Ds9IShdK4ymfhZl8QObZrA7.00uig/secret.mp3,ext,,,,,
https://www.paypal.com/cgi-bin/wv_web/q8yJt3JgP1gggb2LKFVcwOJelHfCE-xwnz62osIpN91jlhnjrK0EvFJk8LgCCalKqA5O0w/secret.mp3,ext,,,,,
https://www.paypal.com/cgi-bin/wv_web/QcVn.sDFH2SszX6WTdmGd26KuwpBu0TKamOZ.to8H0x4ndNygD8UCaylhbMwfDAbuAf.aA/secret.mp3,ext,,,,,
https://www.paypal.com/cgi-bin/wv_web/raCr6KNBAMjfBuAnHLMY8zHFbJ60AQdnOXS1e3kenswehu7a0eIeEYFJfOmA-aNQT-pHOg/secret.mp3,ext,,,,,
https://www.paypal.com/cgi-bin/wv_web/W.1FkxNYI0LsvOnLNDr-GUfH6ZNRerkqMJjPYCnKMN9cOxqkqM4nbjYnnUW0BLjvkw2.ow/secret.mp3,ext,,,,,
https://www.paypal.com/cgi-bin/wv_web/X-J3RjaMi0JzZfVmV9W8Yv2xseR890Eo9ZNRiKl5uPZ.69men1jDgaw56j.NXh5Rw3PosA/secret.mp3,ext,,,,,
https://www.paypal.com/cgi-bin/wv_web/ZMZ8Q8FqizJzCDfML-V23OKGzolCk5az9F.0iyHVfFLt9ZQmDLqzcro8h2OKVqMd2JBrBQ/secret.mp3,ext,,,,,
https://www.youtube.com/watch?v=0jWsJvc1f7I&t=16,ext,,,,,
index_.html,broken,,,,,
index_old.html,broken,,,,,
Kecksburg_trail_thinning_regression.gif,doc,img,orig,,,
mailto:,broken,,,,,
mailto:stafford@library.uta.com,meta,,,,,
marcel.html,broken,,,,,
Nellis_Alt_Dist.gif,doc,img,orig,,,
Nellis_Alt_Dist_bubble.gif,doc,img,orig,,,
Nellis_Alt_time.gif,doc,img,orig,,,
Nellis_ground_traj_speed.gif,doc,img,orig,,,
Nellis_montage_overlay.gif,doc,img,orig,,,
Nellis_Range_map.gif,doc,img,orig,,,
Nellis_Tonapah_Test_Range.gif,doc,img,orig,,,
Nellis_traject_3Ds.jpg,doc,img,orig,,,
Nellis_UFO_area_map.gif,doc,img,orig,,,
Nellis_velocity.gif,doc,img,orig,,,
NICAP  http://www.nicap.org/520714norfolk_dir.htm,ext,,,,,
RoswellSummary7.html,doc,txt,orig,,,
Shag_Harbour/ShagHarbor_EastCanada_UFO_sightings.gif,doc,img,orig,,,
Shag_Harbour_articles.html,broken,,,,,
Shootdown_LATimes_52-08-01.gif,doc,img,news,,,
Sky___Telescope_1965_fireball_map.gif,doc,img,pub,,,
slusher.html,broken,,,,,
Trajectories.gif,doc,img,orig,,,
Tucson_D_Citizen_1950-02-02_Tucson_fiery_object_.jpg,doc,img,news,,,
Tucson_D_Citizen_1950-02-03_Huge_fast_smoke_trail_over_Tucson.jpg,doc,img,news,,,
Tuscon_July11.html,broken,,,,,
"u""http://New!  For a mere $5.00",broken,,,,,
United_Press_Stories.html,broken,,,,,
